pop	sample_set	country	year	location	species_gambiae_coluzzii	latitude	longitude	aim_fraction_colu	aim_fraction_arab	counts	chrom	sample_size	independent_comparisons	overall_r^2	expected_r^2	Ne_estimate	Parametric_CI_lower	Parametric_CI_upper	Jackknife_CI_lower	Jackknife_CI_upper
AG1000G-AO.Luanda.2009.coluzzii	AG1000G-AO	Angola	2009	Luanda	coluzzii	-8.884000000000011	13.302000000000008	0.9379012345679014	0.0011358024691358033	81	2L	81.0	41427742	0.013948	0.012832	296.6	295.0	298.2	157.9	1385.6
AG1000G-AO.Luanda.2009.coluzzii	AG1000G-AO	Angola	2009	Luanda	coluzzii	-8.884000000000011	13.302000000000008	0.9379012345679014	0.0011358024691358033	81	2R	81.0	41445955	0.013800	0.012832	342.2	340.1	344.3	177.8	2064.6
AG1000G-AO.Luanda.2009.coluzzii	AG1000G-AO	Angola	2009	Luanda	coluzzii	-8.884000000000011	13.302000000000008	0.9379012345679014	0.0011358024691358033	81	3L	81.0	42462715	0.014134	0.012832	253.9	252.7	255.1	137.9	993.8
AG1000G-AO.Luanda.2009.coluzzii	AG1000G-AO	Angola	2009	Luanda	coluzzii	-8.884000000000011	13.302000000000008	0.9379012345679014	0.0011358024691358033	81	3R	81.0	42306192	0.013864	0.012832	321.0	319.1	322.8	181.5	1074.6
AG1000G-AO.Luanda.2009.coluzzii	AG1000G-AO	Angola	2009	Luanda	coluzzii	-8.884000000000011	13.302000000000008	0.9379012345679014	0.0011358024691358033	81	X	81.0	42582605	0.014370	0.012832	214.6	213.8	215.5	127.2	552.4
AG1000G-BF-A.Bana.2012.coluzzii	AG1000G-BF-A	Burkina Faso	2012	Bana	coluzzii	11.233000000000002	-4.472000000000001	0.975738095238095	0.0020238095238095254	42	2L	42.0	43631806	0.025569	0.025618	Infinite	Infinite	Infinite	Infinite	Infinite
AG1000G-BF-A.Bana.2012.coluzzii	AG1000G-BF-A	Burkina Faso	2012	Bana	coluzzii	11.233000000000002	-4.472000000000001	0.975738095238095	0.0020238095238095254	42	2R	42.0	46556425	0.025838	0.025618	1510.0	1441.3	1585.6	972.2	3344.5
AG1000G-BF-A.Bana.2012.coluzzii	AG1000G-BF-A	Burkina Faso	2012	Bana	coluzzii	11.233000000000002	-4.472000000000001	0.975738095238095	0.0020238095238095254	42	3L	42.0	47536124	0.025525	0.025618	Infinite	Infinite	Infinite	Infinite	Infinite
AG1000G-BF-A.Bana.2012.coluzzii	AG1000G-BF-A	Burkina Faso	2012	Bana	coluzzii	11.233000000000002	-4.472000000000001	0.975738095238095	0.0020238095238095254	42	3R	42.0	47098363	0.025562	0.025618	Infinite	Infinite	Infinite	Infinite	Infinite
AG1000G-BF-A.Bana.2012.coluzzii	AG1000G-BF-A	Burkina Faso	2012	Bana	coluzzii	11.233000000000002	-4.472000000000001	0.975738095238095	0.0020238095238095254	42	X	42.0	46421429	0.025782	0.025618	2028.9	1906.8	2167.5	840.7	Infinite
AG1000G-BF-A.Bana.2012.gambiae	AG1000G-BF-A	Burkina Faso	2012	Bana	gambiae	11.233000000000002	-4.471999999999999	0.03500000000000001	0.0024545454545454553	22	2L	22.0	44712694	0.052615	0.052201	742.4	705.2	783.8	324.5	Infinite
AG1000G-BF-A.Bana.2012.gambiae	AG1000G-BF-A	Burkina Faso	2012	Bana	gambiae	11.233000000000002	-4.471999999999999	0.03500000000000001	0.0024545454545454553	22	2R	22.0	45558284	0.052210	0.052201	34742.7	10159.1	Infinite	5362.1	Infinite
AG1000G-BF-A.Bana.2012.gambiae	AG1000G-BF-A	Burkina Faso	2012	Bana	gambiae	11.233000000000002	-4.471999999999999	0.03500000000000001	0.0024545454545454553	22	3L	22.0	46566075	0.051925	0.052201	Infinite	Infinite	Infinite	Infinite	Infinite
AG1000G-BF-A.Bana.2012.gambiae	AG1000G-BF-A	Burkina Faso	2012	Bana	gambiae	11.233000000000002	-4.471999999999999	0.03500000000000001	0.0024545454545454553	22	3R	22.0	46219304	0.051992	0.052201	Infinite	Infinite	Infinite	Infinite	Infinite
AG1000G-BF-A.Bana.2012.gambiae	AG1000G-BF-A	Burkina Faso	2012	Bana	gambiae	11.233000000000002	-4.471999999999999	0.03500000000000001	0.0024545454545454553	22	X	22.0	43557107	0.053322	0.052201	273.1	267.7	278.7	126.9	Infinite
AG1000G-BF-A.Pala.2012.coluzzii	AG1000G-BF-A	Burkina Faso	2012	Pala	coluzzii	11.150000000000004	-4.235	0.979909090909091	0.0020000000000000005	11	2L	11.0	44816775	0.117398	0.120949	Infinite	Infinite	Infinite	Infinite	Infinite
AG1000G-BF-A.Pala.2012.coluzzii	AG1000G-BF-A	Burkina Faso	2012	Pala	coluzzii	11.150000000000004	-4.235	0.979909090909091	0.0020000000000000005	11	2R	11.0	48073915	0.117461	0.120949	Infinite	Infinite	Infinite	Infinite	Infinite
AG1000G-BF-A.Pala.2012.coluzzii	AG1000G-BF-A	Burkina Faso	2012	Pala	coluzzii	11.150000000000004	-4.235	0.979909090909091	0.0020000000000000005	11	3L	11.0	48545730	0.116394	0.120949	Infinite	Infinite	Infinite	Infinite	Infinite
AG1000G-BF-A.Pala.2012.coluzzii	AG1000G-BF-A	Burkina Faso	2012	Pala	coluzzii	11.150000000000004	-4.235	0.979909090909091	0.0020000000000000005	11	3R	11.0	48329196	0.116770	0.120949	Infinite	Infinite	Infinite	Infinite	Infinite
AG1000G-BF-A.Pala.2012.coluzzii	AG1000G-BF-A	Burkina Faso	2012	Pala	coluzzii	11.150000000000004	-4.235	0.979909090909091	0.0020000000000000005	11	X	11.0	39236510	0.113851	0.120949	Infinite	Infinite	Infinite	Infinite	Infinite
AG1000G-BF-A.Pala.2012.gambiae	AG1000G-BF-A	Burkina Faso	2012	Pala	gambiae	11.149999999999991	-4.235000000000005	0.02714583333333333	0.0021458333333333342	48	2L	48.0	45234314	0.022484	0.022218	1249.6	1207.5	1294.8	667.1	8765.6
AG1000G-BF-A.Pala.2012.gambiae	AG1000G-BF-A	Burkina Faso	2012	Pala	gambiae	11.149999999999991	-4.235000000000005	0.02714583333333333	0.0021458333333333342	48	2R	48.0	46595030	0.022283	0.022218	5090.9	4472.2	5907.8	2928.9	19232.3
AG1000G-BF-A.Pala.2012.gambiae	AG1000G-BF-A	Burkina Faso	2012	Pala	gambiae	11.149999999999991	-4.235000000000005	0.02714583333333333	0.0021458333333333342	48	3L	48.0	47292673	0.022232	0.022218	23690.0	14468.5	65191.7	2331.5	Infinite
AG1000G-BF-A.Pala.2012.gambiae	AG1000G-BF-A	Burkina Faso	2012	Pala	gambiae	11.149999999999991	-4.235000000000005	0.02714583333333333	0.0021458333333333342	48	3R	48.0	47341314	0.022222	0.022218	84361.3	25825.2	Infinite	3638.9	Infinite
AG1000G-BF-A.Pala.2012.gambiae	AG1000G-BF-A	Burkina Faso	2012	Pala	gambiae	11.149999999999991	-4.235000000000005	0.02714583333333333	0.0021458333333333342	48	X	48.0	45873830	0.022770	0.022218	601.2	591.2	611.5	376.3	1440.4
AG1000G-BF-A.Souroukoudinga.2012.coluzzii	AG1000G-BF-A	Burkina Faso	2012	Souroukoudinga	coluzzii	11.235000000000008	-4.5349999999999975	0.9772758620689656	0.002793103448275863	29	2L	29.0	47428928	0.038327	0.038355	Infinite	Infinite	Infinite	3922.8	Infinite
AG1000G-BF-A.Souroukoudinga.2012.coluzzii	AG1000G-BF-A	Burkina Faso	2012	Souroukoudinga	coluzzii	11.235000000000008	-4.5349999999999975	0.9772758620689656	0.002793103448275863	29	2R	29.0	48289878	0.038432	0.038355	4014.9	3345.6	5017.9	2009.9	645921.1
AG1000G-BF-A.Souroukoudinga.2012.coluzzii	AG1000G-BF-A	Burkina Faso	2012	Souroukoudinga	coluzzii	11.235000000000008	-4.5349999999999975	0.9772758620689656	0.002793103448275863	29	3L	29.0	48565440	0.038207	0.038355	Infinite	Infinite	Infinite	Infinite	Infinite
AG1000G-BF-A.Souroukoudinga.2012.coluzzii	AG1000G-BF-A	Burkina Faso	2012	Souroukoudinga	coluzzii	11.235000000000008	-4.5349999999999975	0.9772758620689656	0.002793103448275863	29	3R	29.0	48506323	0.038252	0.038355	Infinite	Infinite	Infinite	Infinite	Infinite
AG1000G-BF-A.Souroukoudinga.2012.coluzzii	AG1000G-BF-A	Burkina Faso	2012	Souroukoudinga	coluzzii	11.235000000000008	-4.5349999999999975	0.9772758620689656	0.002793103448275863	29	X	29.0	48486627	0.037970	0.038355	Infinite	Infinite	Infinite	Infinite	Infinite
AG1000G-BF-A.Souroukoudinga.2012.gambiae	AG1000G-BF-A	Burkina Faso	2012	Souroukoudinga	gambiae	11.235000000000008	-4.5349999999999975	0.028071428571428584	0.0020714285714285726	28	2L	28.0	46788300	0.040056	0.039856	1540.5	1424.5	1676.9	623.6	Infinite
AG1000G-BF-A.Souroukoudinga.2012.gambiae	AG1000G-BF-A	Burkina Faso	2012	Souroukoudinga	gambiae	11.235000000000008	-4.5349999999999975	0.028071428571428584	0.0020714285714285726	28	2R	28.0	47536125	0.039797	0.039856	Infinite	Infinite	Infinite	Infinite	Infinite
AG1000G-BF-A.Souroukoudinga.2012.gambiae	AG1000G-BF-A	Burkina Faso	2012	Souroukoudinga	gambiae	11.235000000000008	-4.5349999999999975	0.028071428571428584	0.0020714285714285726	28	3L	28.0	48211289	0.039736	0.039856	Infinite	Infinite	Infinite	Infinite	Infinite
AG1000G-BF-A.Souroukoudinga.2012.gambiae	AG1000G-BF-A	Burkina Faso	2012	Souroukoudinga	gambiae	11.235000000000008	-4.5349999999999975	0.028071428571428584	0.0020714285714285726	28	3R	28.0	48064107	0.039629	0.039856	Infinite	Infinite	Infinite	Infinite	Infinite
AG1000G-BF-A.Souroukoudinga.2012.gambiae	AG1000G-BF-A	Burkina Faso	2012	Souroukoudinga	gambiae	11.235000000000008	-4.5349999999999975	0.028071428571428584	0.0020714285714285726	28	X	28.0	47682495	0.039225	0.039856	Infinite	Infinite	Infinite	Infinite	Infinite
AG1000G-BF-B.Bana.2014.coluzzii	AG1000G-BF-B	Burkina Faso	2014	Bana	coluzzii	11.233	-4.472000000000002	0.9775319148936169	0.0021489361702127677	47	2L	47.0	46517830	0.022706	0.022721	Infinite	Infinite	Infinite	5914.4	Infinite
AG1000G-BF-B.Bana.2014.coluzzii	AG1000G-BF-B	Burkina Faso	2014	Bana	coluzzii	11.233	-4.472000000000002	0.9775319148936169	0.0021489361702127677	47	2R	47.0	47234339	0.022918	0.022721	1689.3	1613.5	1772.5	1186.4	2918.5
AG1000G-BF-B.Bana.2014.coluzzii	AG1000G-BF-B	Burkina Faso	2014	Bana	coluzzii	11.233	-4.472000000000002	0.9775319148936169	0.0021489361702127677	47	3L	47.0	47721565	0.022681	0.022721	Infinite	Infinite	Infinite	Infinite	Infinite
AG1000G-BF-B.Bana.2014.coluzzii	AG1000G-BF-B	Burkina Faso	2014	Bana	coluzzii	11.233	-4.472000000000002	0.9775319148936169	0.0021489361702127677	47	3R	47.0	47623919	0.022681	0.022721	Infinite	Infinite	Infinite	Infinite	Infinite
AG1000G-BF-B.Bana.2014.coluzzii	AG1000G-BF-B	Burkina Faso	2014	Bana	coluzzii	11.233	-4.472000000000002	0.9775319148936169	0.0021489361702127677	47	X	47.0	47380243	0.024210	0.022721	221.7	220.3	223.2	200.3	248.0
AG1000G-BF-B.Bana.2014.gambiae	AG1000G-BF-B	Burkina Faso	2014	Bana	gambiae	11.233000000000002	-4.472	0.025866666666666673	0.0023333333333333335	15	2L	15.0	47809530	0.080803	0.082000	Infinite	Infinite	Infinite	Infinite	Infinite
AG1000G-BF-B.Bana.2014.gambiae	AG1000G-BF-B	Burkina Faso	2014	Bana	gambiae	11.233000000000002	-4.472	0.025866666666666673	0.0023333333333333335	15	2R	15.0	48476780	0.080888	0.082000	Infinite	Infinite	Infinite	Infinite	Infinite
AG1000G-BF-B.Bana.2014.gambiae	AG1000G-BF-B	Burkina Faso	2014	Bana	gambiae	11.233000000000002	-4.472	0.025866666666666673	0.0023333333333333335	15	3L	15.0	48930777	0.080779	0.082000	Infinite	Infinite	Infinite	Infinite	Infinite
AG1000G-BF-B.Bana.2014.gambiae	AG1000G-BF-B	Burkina Faso	2014	Bana	gambiae	11.233000000000002	-4.472	0.025866666666666673	0.0023333333333333335	15	3R	15.0	48812140	0.080606	0.082000	Infinite	Infinite	Infinite	Infinite	Infinite
AG1000G-BF-B.Bana.2014.gambiae	AG1000G-BF-B	Burkina Faso	2014	Bana	gambiae	11.233000000000002	-4.472	0.025866666666666673	0.0023333333333333335	15	X	15.0	47995503	0.082042	0.082000	7307.0	4106.3	33043.1	474.7	Infinite
AG1000G-BF-B.Pala.2014.gambiae	AG1000G-BF-B	Burkina Faso	2014	Pala	gambiae	11.150000000000004	-4.235	0.027187500000000007	0.0021875000000000006	16	2L	16.0	48644314	0.075329	0.075831	Infinite	Infinite	Infinite	Infinite	Infinite
AG1000G-BF-B.Pala.2014.gambiae	AG1000G-BF-B	Burkina Faso	2014	Pala	gambiae	11.150000000000004	-4.235	0.027187500000000007	0.0021875000000000006	16	2R	16.0	48713384	0.075030	0.075831	Infinite	Infinite	Infinite	Infinite	Infinite
AG1000G-BF-B.Pala.2014.gambiae	AG1000G-BF-B	Burkina Faso	2014	Pala	gambiae	11.150000000000004	-4.235	0.027187500000000007	0.0021875000000000006	16	3L	16.0	49019851	0.074997	0.075831	Infinite	Infinite	Infinite	Infinite	Infinite
AG1000G-BF-B.Pala.2014.gambiae	AG1000G-BF-B	Burkina Faso	2014	Pala	gambiae	11.150000000000004	-4.235	0.027187500000000007	0.0021875000000000006	16	3R	16.0	48743000	0.074969	0.075831	Infinite	Infinite	Infinite	Infinite	Infinite
AG1000G-BF-B.Pala.2014.gambiae	AG1000G-BF-B	Burkina Faso	2014	Pala	gambiae	11.150000000000004	-4.235	0.027187500000000007	0.0021875000000000006	16	X	16.0	48762749	0.073171	0.075831	Infinite	Infinite	Infinite	Infinite	Infinite
AG1000G-BF-B.Souroukoudinga.2014.gambiae	AG1000G-BF-B	Burkina Faso	2014	Souroukoudinga	gambiae	11.235000000000003	-4.534999999999998	0.023400000000000008	0.0022000000000000006	15	2L	15.0	47419187	0.080974	0.082000	Infinite	Infinite	Infinite	Infinite	Infinite
AG1000G-BF-B.Souroukoudinga.2014.gambiae	AG1000G-BF-B	Burkina Faso	2014	Souroukoudinga	gambiae	11.235000000000003	-4.534999999999998	0.023400000000000008	0.0022000000000000006	15	2R	15.0	48358694	0.080925	0.082000	Infinite	Infinite	Infinite	Infinite	Infinite
AG1000G-BF-B.Souroukoudinga.2014.gambiae	AG1000G-BF-B	Burkina Faso	2014	Souroukoudinga	gambiae	11.235000000000003	-4.534999999999998	0.023400000000000008	0.0022000000000000006	15	3L	15.0	48802260	0.080776	0.082000	Infinite	Infinite	Infinite	Infinite	Infinite
AG1000G-BF-B.Souroukoudinga.2014.gambiae	AG1000G-BF-B	Burkina Faso	2014	Souroukoudinga	gambiae	11.235000000000003	-4.534999999999998	0.023400000000000008	0.0022000000000000006	15	3R	15.0	48752873	0.080552	0.082000	Infinite	Infinite	Infinite	Infinite	Infinite
AG1000G-BF-B.Souroukoudinga.2014.gambiae	AG1000G-BF-B	Burkina Faso	2014	Souroukoudinga	gambiae	11.235000000000003	-4.534999999999998	0.023400000000000008	0.0022000000000000006	15	X	15.0	48555585	0.080220	0.082000	Infinite	Infinite	Infinite	Infinite	Infinite
AG1000G-BF-C.Monomtenga.2004.gambiae	AG1000G-BF-C	Burkina Faso	2004	Monomtenga	gambiae	12.06	-1.17	0.024076923076923083	0.0021538461538461546	13	2L	13.0	47516623	0.096427	0.097841	Infinite	Infinite	Infinite	Infinite	Infinite
AG1000G-BF-C.Monomtenga.2004.gambiae	AG1000G-BF-C	Burkina Faso	2004	Monomtenga	gambiae	12.06	-1.17	0.024076923076923083	0.0021538461538461546	13	2R	13.0	47956319	0.095995	0.097841	Infinite	Infinite	Infinite	Infinite	Infinite
AG1000G-BF-C.Monomtenga.2004.gambiae	AG1000G-BF-C	Burkina Faso	2004	Monomtenga	gambiae	12.06	-1.17	0.024076923076923083	0.0021538461538461546	13	3L	13.0	48270224	0.096085	0.097841	Infinite	Infinite	Infinite	Infinite	Infinite
AG1000G-BF-C.Monomtenga.2004.gambiae	AG1000G-BF-C	Burkina Faso	2004	Monomtenga	gambiae	12.06	-1.17	0.024076923076923083	0.0021538461538461546	13	3R	13.0	48280050	0.095382	0.097841	Infinite	Infinite	Infinite	Infinite	Infinite
AG1000G-BF-C.Monomtenga.2004.gambiae	AG1000G-BF-C	Burkina Faso	2004	Monomtenga	gambiae	12.06	-1.17	0.024076923076923083	0.0021538461538461546	13	X	13.0	48280050	0.093163	0.097841	Infinite	Infinite	Infinite	Infinite	Infinite
AG1000G-CD.Gbadolite.2015.gambiae	AG1000G-CD	Democratic Republic of Congo	2015	Gbadolite	gambiae	4.282999999999999	21.017000000000035	0.024776315789473667	0.0023552631578947388	76	2L	76.0	45424744	0.017734	0.013710	80.7	80.6	80.9	52.4	145.9
AG1000G-CD.Gbadolite.2015.gambiae	AG1000G-CD	Democratic Republic of Congo	2015	Gbadolite	gambiae	4.282999999999999	21.017000000000035	0.024776315789473667	0.0023552631578947388	76	2R	76.0	45960075	0.016577	0.013710	114.2	113.9	114.4	64.7	303.2
AG1000G-CD.Gbadolite.2015.gambiae	AG1000G-CD	Democratic Republic of Congo	2015	Gbadolite	gambiae	4.282999999999999	21.017000000000035	0.024776315789473667	0.0023552631578947388	76	3L	76.0	46923826	0.016331	0.013710	125.1	124.8	125.4	71.4	332.7
AG1000G-CD.Gbadolite.2015.gambiae	AG1000G-CD	Democratic Republic of Congo	2015	Gbadolite	gambiae	4.282999999999999	21.017000000000035	0.024776315789473667	0.0023552631578947388	76	3R	76.0	46267388	0.016205	0.013710	131.5	131.1	131.8	73.9	373.0
AG1000G-CD.Gbadolite.2015.gambiae	AG1000G-CD	Democratic Republic of Congo	2015	Gbadolite	gambiae	4.282999999999999	21.017000000000035	0.024776315789473667	0.0023552631578947388	76	X	76.0	45501027	0.016723	0.013710	108.5	108.3	108.8	70.9	199.3
AG1000G-CF.Bangui.1994.coluzzii	AG1000G-CF	Central African Republic	1994	Bangui	coluzzii	4.366999999999999	18.583	0.9584615384615384	0.002000000000000001	13	2L	13.0	48703514	0.096852	0.097841	Infinite	Infinite	Infinite	Infinite	Infinite
AG1000G-CF.Bangui.1994.coluzzii	AG1000G-CF	Central African Republic	1994	Bangui	coluzzii	4.366999999999999	18.583	0.9584615384615384	0.002000000000000001	13	2R	13.0	48280051	0.096029	0.097841	Infinite	Infinite	Infinite	Infinite	Infinite
AG1000G-CF.Bangui.1994.coluzzii	AG1000G-CF	Central African Republic	1994	Bangui	coluzzii	4.366999999999999	18.583	0.9584615384615384	0.002000000000000001	13	3L	13.0	48614730	0.095677	0.097841	Infinite	Infinite	Infinite	Infinite	Infinite
AG1000G-CF.Bangui.1994.coluzzii	AG1000G-CF	Central African Republic	1994	Bangui	coluzzii	4.366999999999999	18.583	0.9584615384615384	0.002000000000000001	13	3R	13.0	48624591	0.095498	0.097841	Infinite	Infinite	Infinite	Infinite	Infinite
AG1000G-CF.Bangui.1994.coluzzii	AG1000G-CF	Central African Republic	1994	Bangui	coluzzii	4.366999999999999	18.583	0.9584615384615384	0.002000000000000001	13	X	13.0	48960460	0.094570	0.097841	Infinite	Infinite	Infinite	Infinite	Infinite
AG1000G-CF.Bangui.1994.gambiae	AG1000G-CF	Central African Republic	1994	Bangui	gambiae	4.366999999999996	18.582999999999977	0.025943396226415096	0.0021132075471698127	53	2L	53.0	44608731	0.021641	0.020004	201.5	200.4	202.6	144.6	321.7
AG1000G-CF.Bangui.1994.gambiae	AG1000G-CF	Central African Republic	1994	Bangui	gambiae	4.366999999999996	18.582999999999977	0.025943396226415096	0.0021132075471698127	53	2R	53.0	46008025	0.020064	0.020004	5508.0	4850.2	6371.5	3249.4	17913.3
AG1000G-CF.Bangui.1994.gambiae	AG1000G-CF	Central African Republic	1994	Bangui	gambiae	4.366999999999996	18.582999999999977	0.025943396226415096	0.0021132075471698127	53	3L	53.0	46894768	0.019981	0.020004	Infinite	Infinite	Infinite	10799.3	Infinite
AG1000G-CF.Bangui.1994.gambiae	AG1000G-CF	Central African Republic	1994	Bangui	gambiae	4.366999999999996	18.582999999999977	0.025943396226415096	0.0021132075471698127	53	3R	53.0	46672290	0.020004	0.020004	386180.5	37110.5	Infinite	14412.5	Infinite
AG1000G-CF.Bangui.1994.gambiae	AG1000G-CF	Central African Republic	1994	Bangui	gambiae	4.366999999999996	18.582999999999977	0.025943396226415096	0.0021132075471698127	53	X	53.0	46132815	0.019903	0.020004	Infinite	Infinite	Infinite	Infinite	Infinite
AG1000G-CI.Tiassale.2012.coluzzii	AG1000G-CI	Cote d'Ivoire	2012	Tiassale	coluzzii	5.8980000000000095	-4.822999999999997	0.9666999999999997	0.0021500000000000017	80	2L	80.0	45720703	0.014814	0.012998	181.5	180.9	182.2	134.2	270.7
AG1000G-CI.Tiassale.2012.coluzzii	AG1000G-CI	Cote d'Ivoire	2012	Tiassale	coluzzii	5.8980000000000095	-4.822999999999997	0.9666999999999997	0.0021500000000000017	80	2R	80.0	45825948	0.013049	0.012998	6583.1	5954.1	7359.8	4114.5	16362.0
AG1000G-CI.Tiassale.2012.coluzzii	AG1000G-CI	Cote d'Ivoire	2012	Tiassale	coluzzii	5.8980000000000095	-4.822999999999997	0.9666999999999997	0.0021500000000000017	80	3L	80.0	46595028	0.012989	0.012998	Infinite	Infinite	Infinite	Infinite	Infinite
AG1000G-CI.Tiassale.2012.coluzzii	AG1000G-CI	Cote d'Ivoire	2012	Tiassale	coluzzii	5.8980000000000095	-4.822999999999997	0.9666999999999997	0.0021500000000000017	80	3R	80.0	46219303	0.013000	0.012998	250151.3	50238.5	Infinite	27905.4	Infinite
AG1000G-CI.Tiassale.2012.coluzzii	AG1000G-CI	Cote d'Ivoire	2012	Tiassale	coluzzii	5.8980000000000095	-4.822999999999997	0.9666999999999997	0.0021500000000000017	80	X	80.0	45034795	0.013017	0.012998	17565.2	13685.4	24507.5	8809.2	2080893.0
AG1000G-CM-A.Daiguene.2009.gambiae	AG1000G-CM-A	Cameroon	2009	Daiguene	gambiae	4.776999999999991	13.84400000000003	0.025645833333333316	0.002041666666666668	96	2L	96.0	44006268	0.013402	0.010763	124.2	123.9	124.5	93.2	177.4
AG1000G-CM-A.Daiguene.2009.gambiae	AG1000G-CM-A	Cameroon	2009	Daiguene	gambiae	4.776999999999991	13.84400000000003	0.025645833333333316	0.002041666666666668	96	2R	96.0	45902569	0.011406	0.010763	516.3	512.5	520.0	340.7	1016.0
AG1000G-CM-A.Daiguene.2009.gambiae	AG1000G-CM-A	Cameroon	2009	Daiguene	gambiae	4.776999999999991	13.84400000000003	0.025645833333333316	0.002041666666666668	96	3L	96.0	45940900	0.011261	0.010763	666.3	660.2	672.6	393.8	1954.3
AG1000G-CM-A.Daiguene.2009.gambiae	AG1000G-CM-A	Cameroon	2009	Daiguene	gambiae	4.776999999999991	13.84400000000003	0.025645833333333316	0.002041666666666668	96	3R	96.0	45998435	0.011125	0.010763	919.5	908.0	931.2	514.3	3767.1
AG1000G-CM-A.Daiguene.2009.gambiae	AG1000G-CM-A	Cameroon	2009	Daiguene	gambiae	4.776999999999991	13.84400000000003	0.025645833333333316	0.002041666666666668	96	X	96.0	45224804	0.012136	0.010763	240.6	239.7	241.5	187.2	329.9
AG1000G-CM-A.GadoBadzere.2009.gambiae	AG1000G-CM-A	Cameroon	2009	GadoBadzere	gambiae	5.74700000000001	14.442000000000004	0.024410958904109582	0.0021095890410958917	73	2L	73.0	44448303	0.016859	0.014297	128.0	127.7	128.4	88.0	216.1
AG1000G-CM-A.GadoBadzere.2009.gambiae	AG1000G-CM-A	Cameroon	2009	GadoBadzere	gambiae	5.74700000000001	14.442000000000004	0.024410958904109582	0.0021095890410958917	73	2R	73.0	45596474	0.015145	0.014297	391.2	388.4	394.2	185.2	Infinite
AG1000G-CM-A.GadoBadzere.2009.gambiae	AG1000G-CM-A	Cameroon	2009	GadoBadzere	gambiae	5.74700000000001	14.442000000000004	0.024410958904109582	0.0021095890410958917	73	3L	73.0	46190464	0.014391	0.014297	3560.9	3350.5	3799.3	1004.5	Infinite
AG1000G-CM-A.GadoBadzere.2009.gambiae	AG1000G-CM-A	Cameroon	2009	GadoBadzere	gambiae	5.74700000000001	14.442000000000004	0.024410958904109582	0.0021095890410958917	73	3R	73.0	46334745	0.014453	0.014297	2143.2	2064.9	2227.6	666.0	Infinite
AG1000G-CM-A.GadoBadzere.2009.gambiae	AG1000G-CM-A	Cameroon	2009	GadoBadzere	gambiae	5.74700000000001	14.442000000000004	0.024410958904109582	0.0021095890410958917	73	X	73.0	45405682	0.015676	0.014297	239.7	238.6	240.9	168.2	399.7
AG1000G-CM-A.Mayos.2009.gambiae	AG1000G-CM-A	Cameroon	2009	Mayos	gambiae	4.3410000000000055	13.557999999999995	0.023436363636363602	0.0020818181818181834	110	2L	110.0	44826242	0.012444	0.009355	105.8	105.6	106.0	84.7	136.7
AG1000G-CM-A.Mayos.2009.gambiae	AG1000G-CM-A	Cameroon	2009	Mayos	gambiae	4.3410000000000055	13.557999999999995	0.023436363636363602	0.0020818181818181834	110	2R	110.0	45158252	0.012089	0.009355	119.8	119.6	120.0	91.5	165.7
AG1000G-CM-A.Mayos.2009.gambiae	AG1000G-CM-A	Cameroon	2009	Mayos	gambiae	4.3410000000000055	13.557999999999995	0.023436363636363602	0.0020818181818181834	110	3L	110.0	46008027	0.011600	0.009355	146.4	146.0	146.7	105.8	222.2
AG1000G-CM-A.Mayos.2009.gambiae	AG1000G-CM-A	Cameroon	2009	Mayos	gambiae	4.3410000000000055	13.557999999999995	0.023436363636363602	0.0020818181818181834	110	3R	110.0	45835523	0.011413	0.009355	159.8	159.5	160.2	118.2	234.9
AG1000G-CM-A.Mayos.2009.gambiae	AG1000G-CM-A	Cameroon	2009	Mayos	gambiae	4.3410000000000055	13.557999999999995	0.023436363636363602	0.0020818181818181834	110	X	110.0	44864126	0.013114	0.009355	86.5	86.4	86.7	65.7	119.7
AG1000G-CM-A.ZembeBorongo.2009.gambiae	AG1000G-CM-A	Cameroon	2009	ZembeBorongo	gambiae	5.747000000000001	14.442000000000005	0.022833333333333344	0.0020416666666666678	24	2L	24.0	46132813	0.049504	0.047300	138.0	136.8	139.3	87.1	310.0
AG1000G-CM-A.ZembeBorongo.2009.gambiae	AG1000G-CM-A	Cameroon	2009	ZembeBorongo	gambiae	5.747000000000001	14.442000000000005	0.022833333333333344	0.0020416666666666678	24	2R	24.0	46836680	0.047345	0.047300	6811.5	4781.8	11828.1	2507.6	Infinite
AG1000G-CM-A.ZembeBorongo.2009.gambiae	AG1000G-CM-A	Cameroon	2009	ZembeBorongo	gambiae	5.747000000000001	14.442000000000005	0.022833333333333344	0.0020416666666666678	24	3L	24.0	47156616	0.047092	0.047300	Infinite	Infinite	Infinite	Infinite	Infinite
AG1000G-CM-A.ZembeBorongo.2009.gambiae	AG1000G-CM-A	Cameroon	2009	ZembeBorongo	gambiae	5.747000000000001	14.442000000000005	0.022833333333333344	0.0020416666666666678	24	3R	24.0	47127485	0.047124	0.047300	Infinite	Infinite	Infinite	Infinite	Infinite
AG1000G-CM-A.ZembeBorongo.2009.gambiae	AG1000G-CM-A	Cameroon	2009	ZembeBorongo	gambiae	5.747000000000001	14.442000000000005	0.022833333333333344	0.0020416666666666678	24	X	24.0	46894769	0.046285	0.047300	Infinite	Infinite	Infinite	Infinite	Infinite
AG1000G-CM-C.Manda.2013.gambiae	AG1000G-CM-C	Cameroon	2013	Manda	gambiae	5.726	10.867999999999997	0.02827272727272728	0.0023636363636363638	11	2L	11.0	47214902	0.118151	0.120949	Infinite	Infinite	Infinite	Infinite	Infinite
AG1000G-CM-C.Manda.2013.gambiae	AG1000G-CM-C	Cameroon	2013	Manda	gambiae	5.726	10.867999999999997	0.02827272727272728	0.0023636363636363638	11	2R	11.0	46991664	0.117647	0.120949	Infinite	Infinite	Infinite	Infinite	Infinite
AG1000G-CM-C.Manda.2013.gambiae	AG1000G-CM-C	Cameroon	2013	Manda	gambiae	5.726	10.867999999999997	0.02827272727272728	0.0023636363636363638	11	3L	11.0	47575132	0.117067	0.120949	Infinite	Infinite	Infinite	Infinite	Infinite
AG1000G-CM-C.Manda.2013.gambiae	AG1000G-CM-C	Cameroon	2013	Manda	gambiae	5.726	10.867999999999997	0.02827272727272728	0.0023636363636363638	11	3R	11.0	47536123	0.116712	0.120949	Infinite	Infinite	Infinite	Infinite	Infinite
AG1000G-CM-C.Manda.2013.gambiae	AG1000G-CM-C	Cameroon	2013	Manda	gambiae	5.726	10.867999999999997	0.02827272727272728	0.0023636363636363638	11	X	11.0	41957380	0.112521	0.120949	Infinite	Infinite	Infinite	Infinite	Infinite
AG1000G-GA-A.Libreville.2000.gambiae	AG1000G-GA-A	Gabon	2000	Libreville	gambiae	0.38400000000000023	9.455000000000005	0.04282608695652174	0.0018405797101449287	69	2L	69.0	38460820	0.016239	0.015163	307.5	305.4	309.6	158.7	2024.9
AG1000G-GA-A.Libreville.2000.gambiae	AG1000G-GA-A	Gabon	2000	Libreville	gambiae	0.38400000000000023	9.455000000000005	0.04282608695652174	0.0018405797101449287	69	2R	69.0	38504691	0.015626	0.015163	717.5	706.8	728.5	620.9	848.5
AG1000G-GA-A.Libreville.2000.gambiae	AG1000G-GA-A	Gabon	2000	Libreville	gambiae	0.38400000000000023	9.455000000000005	0.04282608695652174	0.0018405797101449287	69	3L	69.0	38803637	0.015553	0.015163	853.1	838.2	868.5	739.4	1007.0
AG1000G-GA-A.Libreville.2000.gambiae	AG1000G-GA-A	Gabon	2000	Libreville	gambiae	0.38400000000000023	9.455000000000005	0.04282608695652174	0.0018405797101449287	69	3R	69.0	39476039	0.015608	0.015163	746.2	734.8	758.0	635.7	901.7
AG1000G-GA-A.Libreville.2000.gambiae	AG1000G-GA-A	Gabon	2000	Libreville	gambiae	0.38400000000000023	9.455000000000005	0.04282608695652174	0.0018405797101449287	69	X	69.0	20875482	0.014622	0.015163	Infinite	Infinite	Infinite	Infinite	Infinite
AG1000G-GH.Koforidua.2012.gambiae	AG1000G-GH	Ghana	2012	Koforidua	gambiae	6.093999999999998	-0.26100000000000007	0.031478260869565226	0.0020000000000000013	23	2L	23.0	44854653	0.057431	0.049628	37.7	37.6	37.8	15.4	Infinite
AG1000G-GH.Koforidua.2012.gambiae	AG1000G-GH	Ghana	2012	Koforidua	gambiae	6.093999999999998	-0.26100000000000007	0.031478260869565226	0.0020000000000000013	23	2R	23.0	45787660	0.055806	0.049628	48.1	47.9	48.3	18.4	Infinite
AG1000G-GH.Koforidua.2012.gambiae	AG1000G-GH	Ghana	2012	Koforidua	gambiae	6.093999999999998	-0.26100000000000007	0.031478260869565226	0.0020000000000000013	23	3L	23.0	46411794	0.056230	0.049628	44.9	44.7	45.1	16.9	Infinite
AG1000G-GH.Koforidua.2012.gambiae	AG1000G-GH	Ghana	2012	Koforidua	gambiae	6.093999999999998	-0.26100000000000007	0.031478260869565226	0.0020000000000000013	23	3R	23.0	46305875	0.052990	0.049628	89.9	89.3	90.5	38.1	Infinite
AG1000G-GH.Koforidua.2012.gambiae	AG1000G-GH	Ghana	2012	Koforidua	gambiae	6.093999999999998	-0.26100000000000007	0.031478260869565226	0.0020000000000000013	23	X	23.0	44665424	0.058274	0.049628	33.8	33.7	33.9	11.3	Infinite
AG1000G-GH.Madina.2012.coluzzii	AG1000G-GH	Ghana	2012	Madina	coluzzii	5.668	-0.2189999999999999	0.9703571428571428	0.002000000000000001	14	2L	14.0	48565439	0.096002	0.089239	43.8	43.5	44.0	16.8	Infinite
AG1000G-GH.Madina.2012.coluzzii	AG1000G-GH	Ghana	2012	Madina	coluzzii	5.668	-0.2189999999999999	0.9703571428571428	0.002000000000000001	14	2R	14.0	48782501	0.092078	0.089239	106.8	105.4	108.2	36.5	Infinite
AG1000G-GH.Madina.2012.coluzzii	AG1000G-GH	Ghana	2012	Madina	coluzzii	5.668	-0.2189999999999999	0.9703571428571428	0.002000000000000001	14	3L	14.0	48960459	0.089688	0.089239	683.4	633.2	742.2	105.1	Infinite
AG1000G-GH.Madina.2012.coluzzii	AG1000G-GH	Ghana	2012	Madina	coluzzii	5.668	-0.2189999999999999	0.9703571428571428	0.002000000000000001	14	3R	14.0	48881328	0.092241	0.089239	100.9	99.6	102.2	27.4	Infinite
AG1000G-GH.Madina.2012.coluzzii	AG1000G-GH	Ghana	2012	Madina	coluzzii	5.668	-0.2189999999999999	0.9703571428571428	0.002000000000000001	14	X	14.0	49099095	0.093935	0.089239	63.8	63.3	64.4	17.9	Infinite
AG1000G-GH.Madina.2012.gambiae	AG1000G-GH	Ghana	2012	Madina	gambiae	5.668	-0.2189999999999999	0.03007692307692308	0.002000000000000001	13	2L	13.0	47244058	0.099353	0.097841	202.0	196.7	207.5	82.1	Infinite
AG1000G-GH.Madina.2012.gambiae	AG1000G-GH	Ghana	2012	Madina	gambiae	5.668	-0.2189999999999999	0.03007692307692308	0.002000000000000001	13	2R	13.0	47878003	0.097803	0.097841	Infinite	365830.7	Infinite	104.7	Infinite
AG1000G-GH.Madina.2012.gambiae	AG1000G-GH	Ghana	2012	Madina	gambiae	5.668	-0.2189999999999999	0.03007692307692308	0.002000000000000001	13	3L	13.0	48142577	0.095639	0.097841	Infinite	Infinite	Infinite	Infinite	Infinite
AG1000G-GH.Madina.2012.gambiae	AG1000G-GH	Ghana	2012	Madina	gambiae	5.668	-0.2189999999999999	0.03007692307692308	0.002000000000000001	13	3R	13.0	48191652	0.095352	0.097841	Infinite	Infinite	Infinite	Infinite	Infinite
AG1000G-GH.Madina.2012.gambiae	AG1000G-GH	Ghana	2012	Madina	gambiae	5.668	-0.2189999999999999	0.03007692307692308	0.002000000000000001	13	X	13.0	47946526	0.096690	0.097841	Infinite	Infinite	Infinite	78.4	Infinite
AG1000G-GH.Takoradi.2012.coluzzii	AG1000G-GH	Ghana	2012	Takoradi	coluzzii	4.912000000000003	-1.7740000000000007	0.9705833333333332	0.0020000000000000013	24	2L	24.0	47273225	0.048447	0.047300	266.8	262.3	271.5	147.3	1218.7
AG1000G-GH.Takoradi.2012.coluzzii	AG1000G-GH	Ghana	2012	Takoradi	coluzzii	4.912000000000003	-1.7740000000000007	0.9705833333333332	0.0020000000000000013	24	2R	24.0	47467894	0.047208	0.047300	Infinite	Infinite	Infinite	Infinite	Infinite
AG1000G-GH.Takoradi.2012.coluzzii	AG1000G-GH	Ghana	2012	Takoradi	coluzzii	4.912000000000003	-1.7740000000000007	0.9705833333333332	0.0020000000000000013	24	3L	24.0	47643440	0.047051	0.047300	Infinite	Infinite	Infinite	Infinite	Infinite
AG1000G-GH.Takoradi.2012.coluzzii	AG1000G-GH	Ghana	2012	Takoradi	coluzzii	4.912000000000003	-1.7740000000000007	0.9705833333333332	0.0020000000000000013	24	3R	24.0	47555628	0.047216	0.047300	Infinite	Infinite	Infinite	Infinite	Infinite
AG1000G-GH.Takoradi.2012.coluzzii	AG1000G-GH	Ghana	2012	Takoradi	coluzzii	4.912000000000003	-1.7740000000000007	0.9705833333333332	0.0020000000000000013	24	X	24.0	47253780	0.046494	0.047300	Infinite	Infinite	Infinite	Infinite	Infinite
AG1000G-GH.TwifoPraso.2012.coluzzii	AG1000G-GH	Ghana	2012	TwifoPraso	coluzzii	5.608999999999998	-1.5489999999999997	0.9714800000000001	0.002040000000000001	25	2L	25.0	47545875	0.047036	0.045184	164.6	162.9	166.3	90.0	736.5
AG1000G-GH.TwifoPraso.2012.coluzzii	AG1000G-GH	Ghana	2012	TwifoPraso	coluzzii	5.608999999999998	-1.5489999999999997	0.9714800000000001	0.002040000000000001	25	2R	25.0	47565380	0.045069	0.045184	Infinite	Infinite	Infinite	Infinite	Infinite
AG1000G-GH.TwifoPraso.2012.coluzzii	AG1000G-GH	Ghana	2012	TwifoPraso	coluzzii	5.608999999999998	-1.5489999999999997	0.9714800000000001	0.002040000000000001	25	3L	25.0	47917154	0.045029	0.045184	Infinite	Infinite	Infinite	Infinite	Infinite
AG1000G-GH.TwifoPraso.2012.coluzzii	AG1000G-GH	Ghana	2012	TwifoPraso	coluzzii	5.608999999999998	-1.5489999999999997	0.9714800000000001	0.002040000000000001	25	3R	25.0	47897578	0.045100	0.045184	Infinite	Infinite	Infinite	Infinite	Infinite
AG1000G-GH.TwifoPraso.2012.coluzzii	AG1000G-GH	Ghana	2012	TwifoPraso	coluzzii	5.608999999999998	-1.5489999999999997	0.9714800000000001	0.002040000000000001	25	X	25.0	47878003	0.044620	0.045184	Infinite	Infinite	Infinite	Infinite	Infinite
AG1000G-GM-A.Njabakunda.2011.gambiae	AG1000G-GM-A	Gambia, The	2011	Njabakunda	gambiae	13.54999999999999	-15.899999999999984	0.08701724137931036	0.004982758620689659	58	2L	58.0	40793023	0.020118	0.018190	170.8	170.0	171.6	147.9	201.2
AG1000G-GM-A.Njabakunda.2011.gambiae	AG1000G-GM-A	Gambia, The	2011	Njabakunda	gambiae	13.54999999999999	-15.899999999999984	0.08701724137931036	0.004982758620689659	58	2R	58.0	42980350	0.018676	0.018190	683.6	672.6	694.9	466.1	1258.4
AG1000G-GM-A.Njabakunda.2011.gambiae	AG1000G-GM-A	Gambia, The	2011	Njabakunda	gambiae	13.54999999999999	-15.899999999999984	0.08701724137931036	0.004982758620689659	58	3L	58.0	46017617	0.018338	0.018190	2241.0	2133.3	2360.1	1375.0	5964.4
AG1000G-GM-A.Njabakunda.2011.gambiae	AG1000G-GM-A	Gambia, The	2011	Njabakunda	gambiae	13.54999999999999	-15.899999999999984	0.08701724137931036	0.004982758620689659	58	3R	58.0	45653785	0.018303	0.018190	2939.1	2756.3	3147.7	2055.6	5136.7
AG1000G-GM-A.Njabakunda.2011.gambiae	AG1000G-GM-A	Gambia, The	2011	Njabakunda	gambiae	13.54999999999999	-15.899999999999984	0.08701724137931036	0.004982758620689659	58	X	58.0	44958901	0.018269	0.018190	4202.3	3836.6	4644.8	1565.9	Infinite
AG1000G-GM-A.Njabakunda.2011.intermediate	AG1000G-GM-A	Gambia, The	2011	Njabakunda	intermediate	13.55	-15.900000000000004	0.23590909090909093	0.005363636363636363	11	2L	11.0	47224620	0.119459	0.120949	Infinite	Infinite	Infinite	Infinite	Infinite
AG1000G-GM-A.Njabakunda.2011.intermediate	AG1000G-GM-A	Gambia, The	2011	Njabakunda	intermediate	13.55	-15.900000000000004	0.23590909090909093	0.005363636363636363	11	2R	11.0	47516623	0.118287	0.120949	Infinite	Infinite	Infinite	Infinite	Infinite
AG1000G-GM-A.Njabakunda.2011.intermediate	AG1000G-GM-A	Gambia, The	2011	Njabakunda	intermediate	13.55	-15.900000000000004	0.23590909090909093	0.005363636363636363	11	3L	11.0	48162203	0.116961	0.120949	Infinite	Infinite	Infinite	Infinite	Infinite
AG1000G-GM-A.Njabakunda.2011.intermediate	AG1000G-GM-A	Gambia, The	2011	Njabakunda	intermediate	13.55	-15.900000000000004	0.23590909090909093	0.005363636363636363	11	3R	11.0	48132765	0.116906	0.120949	Infinite	Infinite	Infinite	Infinite	Infinite
AG1000G-GM-A.Njabakunda.2011.intermediate	AG1000G-GM-A	Gambia, The	2011	Njabakunda	intermediate	13.55	-15.900000000000004	0.23590909090909093	0.005363636363636363	11	X	11.0	30768090	0.115896	0.120949	Infinite	Infinite	Infinite	Infinite	Infinite
AG1000G-GM-B.SareSambaSowe.2012.gambiae	AG1000G-GM-B	Gambia, The	2012	SareSambaSowe	gambiae	13.583	-15.900000000000002	0.09122222222222222	0.005111111111111111	9	2L	9.0	50014999	0.147644	0.157393	Infinite	Infinite	Infinite	Infinite	Infinite
AG1000G-GM-B.SareSambaSowe.2012.gambiae	AG1000G-GM-B	Gambia, The	2012	SareSambaSowe	gambiae	13.583	-15.900000000000002	0.09122222222222222	0.005111111111111111	9	2R	9.0	50004999	0.147917	0.157393	Infinite	Infinite	Infinite	Infinite	Infinite
AG1000G-GM-B.SareSambaSowe.2012.gambiae	AG1000G-GM-B	Gambia, The	2012	SareSambaSowe	gambiae	13.583	-15.900000000000002	0.09122222222222222	0.005111111111111111	9	3L	9.0	50014999	0.146994	0.157393	Infinite	Infinite	Infinite	Infinite	Infinite
AG1000G-GM-B.SareSambaSowe.2012.gambiae	AG1000G-GM-B	Gambia, The	2012	SareSambaSowe	gambiae	13.583	-15.900000000000002	0.09122222222222222	0.005111111111111111	9	3R	9.0	50014999	0.147132	0.157393	Infinite	Infinite	Infinite	Infinite	Infinite
AG1000G-GM-B.SareSambaSowe.2012.gambiae	AG1000G-GM-B	Gambia, The	2012	SareSambaSowe	gambiae	13.583	-15.900000000000002	0.09122222222222222	0.005111111111111111	9	X	9.0	24904152	0.140551	0.157393	Infinite	Infinite	Infinite	Infinite	Infinite
AG1000G-GM-B.Tankular.2012.coluzzii	AG1000G-GM-B	Gambia, The	2012	Tankular	coluzzii	13.417	-16.03300000000001	0.9249285714285714	0.0051428571428571435	14	2L	14.0	48358695	0.088201	0.089239	Infinite	Infinite	Infinite	Infinite	Infinite
AG1000G-GM-B.Tankular.2012.coluzzii	AG1000G-GM-B	Gambia, The	2012	Tankular	coluzzii	13.417	-16.03300000000001	0.9249285714285714	0.0051428571428571435	14	2R	14.0	48693646	0.088499	0.089239	Infinite	Infinite	Infinite	Infinite	Infinite
AG1000G-GM-B.Tankular.2012.coluzzii	AG1000G-GM-B	Gambia, The	2012	Tankular	coluzzii	13.417	-16.03300000000001	0.9249285714285714	0.0051428571428571435	14	3L	14.0	48861555	0.087615	0.089239	Infinite	Infinite	Infinite	Infinite	Infinite
AG1000G-GM-B.Tankular.2012.coluzzii	AG1000G-GM-B	Gambia, The	2012	Tankular	coluzzii	13.417	-16.03300000000001	0.9249285714285714	0.0051428571428571435	14	3R	14.0	49039656	0.087722	0.089239	Infinite	Infinite	Infinite	Infinite	Infinite
AG1000G-GM-B.Tankular.2012.coluzzii	AG1000G-GM-B	Gambia, The	2012	Tankular	coluzzii	13.417	-16.03300000000001	0.9249285714285714	0.0051428571428571435	14	X	14.0	49039656	0.087327	0.089239	Infinite	Infinite	Infinite	Infinite	Infinite
AG1000G-GM-C.WaliKunda.2012.coluzzii	AG1000G-GM-C	Gambia, The	2012	WaliKunda	coluzzii	13.567000000000005	-14.916999999999959	0.9327905405405406	0.00496621621621622	148	2L	148.0	45167758	0.009365	0.006902	133.2	133.0	133.5	104.6	176.6
AG1000G-GM-C.WaliKunda.2012.coluzzii	AG1000G-GM-C	Gambia, The	2012	WaliKunda	coluzzii	13.567000000000005	-14.916999999999959	0.9327905405405406	0.00496621621621622	148	2R	148.0	45196277	0.007510	0.006902	546.8	544.0	549.6	432.8	733.7
AG1000G-GM-C.WaliKunda.2012.coluzzii	AG1000G-GM-C	Gambia, The	2012	WaliKunda	coluzzii	13.567000000000005	-14.916999999999959	0.9327905405405406	0.00496621621621622	148	3L	148.0	46008027	0.006921	0.006902	18065.2	15663.3	21334.7	10799.8	54884.3
AG1000G-GM-C.WaliKunda.2012.coluzzii	AG1000G-GM-C	Gambia, The	2012	WaliKunda	coluzzii	13.567000000000005	-14.916999999999959	0.9327905405405406	0.00496621621621622	148	3R	148.0	45701577	0.006923	0.006902	15947.3	14039.6	18453.3	10405.7	34016.9
AG1000G-GM-C.WaliKunda.2012.coluzzii	AG1000G-GM-C	Gambia, The	2012	WaliKunda	coluzzii	13.567000000000005	-14.916999999999959	0.9327905405405406	0.00496621621621622	148	X	148.0	45186769	0.006999	0.006902	3431.8	3332.6	3537.0	2398.3	5988.1
AG1000G-GM-C.WaliKunda.2012.intermediate	AG1000G-GM-C	Gambia, The	2012	WaliKunda	intermediate	13.567000000000005	-14.916999999999993	0.8604999999999999	0.005458333333333336	24	2L	24.0	47146904	0.048709	0.047300	216.9	213.9	220.0	135.1	522.5
AG1000G-GM-C.WaliKunda.2012.intermediate	AG1000G-GM-C	Gambia, The	2012	WaliKunda	intermediate	13.567000000000005	-14.916999999999993	0.8604999999999999	0.005458333333333336	24	2R	24.0	47351045	0.047554	0.047300	1211.0	1125.9	1309.8	693.6	4655.2
AG1000G-GM-C.WaliKunda.2012.intermediate	AG1000G-GM-C	Gambia, The	2012	WaliKunda	intermediate	13.567000000000005	-14.916999999999993	0.8604999999999999	0.005458333333333336	24	3L	24.0	47750876	0.047156	0.047300	Infinite	Infinite	Infinite	Infinite	Infinite
AG1000G-GM-C.WaliKunda.2012.intermediate	AG1000G-GM-C	Gambia, The	2012	WaliKunda	intermediate	13.567000000000005	-14.916999999999993	0.8604999999999999	0.005458333333333336	24	3R	24.0	47789976	0.047182	0.047300	Infinite	Infinite	Infinite	Infinite	Infinite
AG1000G-GM-C.WaliKunda.2012.intermediate	AG1000G-GM-C	Gambia, The	2012	WaliKunda	intermediate	13.567000000000005	-14.916999999999993	0.8604999999999999	0.005458333333333336	24	X	24.0	47604403	0.047045	0.047300	Infinite	Infinite	Infinite	Infinite	Infinite
AG1000G-GN-A.Koraboh.2012.gambiae	AG1000G-GN-A	Guinea	2012	Koraboh	gambiae	9.28	-10.03	0.026681818181818192	0.0020454545454545465	22	2L	22.0	45539193	0.053441	0.052201	246.7	242.4	251.2	142.6	836.9
AG1000G-GN-A.Koraboh.2012.gambiae	AG1000G-GN-A	Guinea	2012	Koraboh	gambiae	9.28	-10.03	0.026681818181818192	0.0020454545454545465	22	2R	22.0	46440701	0.052140	0.052201	Infinite	Infinite	Infinite	Infinite	Infinite
AG1000G-GN-A.Koraboh.2012.gambiae	AG1000G-GN-A	Guinea	2012	Koraboh	gambiae	9.28	-10.03	0.026681818181818192	0.0020454545454545465	22	3L	22.0	46440702	0.053031	0.052201	369.3	359.9	379.2	90.1	Infinite
AG1000G-GN-A.Koraboh.2012.gambiae	AG1000G-GN-A	Guinea	2012	Koraboh	gambiae	9.28	-10.03	0.026681818181818192	0.0020454545454545465	22	3R	22.0	46749614	0.052653	0.052201	679.7	649.0	713.5	131.8	Infinite
AG1000G-GN-A.Koraboh.2012.gambiae	AG1000G-GN-A	Guinea	2012	Koraboh	gambiae	9.28	-10.03	0.026681818181818192	0.0020454545454545465	22	X	22.0	46142419	0.051557	0.052201	Infinite	Infinite	Infinite	227.5	Infinite
AG1000G-GN-A.Koundara.2012.gambiae	AG1000G-GN-A	Guinea	2012	Koundara	gambiae	8.48	-9.53	0.02388888888888889	0.002111111111111112	18	2L	18.0	48920886	0.070779	0.065893	61.3	60.9	61.7	24.6	Infinite
AG1000G-GN-A.Koundara.2012.gambiae	AG1000G-GN-A	Guinea	2012	Koundara	gambiae	8.48	-9.53	0.02388888888888889	0.002111111111111112	18	2R	18.0	48822021	0.069540	0.065893	82.7	82.1	83.4	29.0	Infinite
AG1000G-GN-A.Koundara.2012.gambiae	AG1000G-GN-A	Guinea	2012	Koundara	gambiae	8.48	-9.53	0.02388888888888889	0.002111111111111112	18	3L	18.0	49148655	0.065336	0.065893	Infinite	Infinite	Infinite	Infinite	Infinite
AG1000G-GN-A.Koundara.2012.gambiae	AG1000G-GN-A	Guinea	2012	Koundara	gambiae	8.48	-9.53	0.02388888888888889	0.002111111111111112	18	3R	18.0	49109004	0.065320	0.065893	Infinite	Infinite	Infinite	Infinite	Infinite
AG1000G-GN-A.Koundara.2012.gambiae	AG1000G-GN-A	Guinea	2012	Koundara	gambiae	8.48	-9.53	0.02388888888888889	0.002111111111111112	18	X	18.0	48772626	0.065645	0.065893	Infinite	Infinite	Infinite	280.3	Infinite
AG1000G-GN-B.Koraboh.2012.gambiae	AG1000G-GN-B	Guinea	2012	Koraboh	gambiae	9.279999999999992	-10.02999999999999	0.030526315789473683	0.002078947368421054	38	2L	38.0	46807649	0.030966	0.028525	134.5	133.8	135.2	76.2	428.8
AG1000G-GN-B.Koraboh.2012.gambiae	AG1000G-GN-B	Guinea	2012	Koraboh	gambiae	9.279999999999992	-10.02999999999999	0.030526315789473683	0.002078947368421054	38	2R	38.0	47545875	0.029496	0.028525	341.2	337.1	345.5	154.2	Infinite
AG1000G-GN-B.Koraboh.2012.gambiae	AG1000G-GN-B	Guinea	2012	Koraboh	gambiae	9.279999999999992	-10.02999999999999	0.030526315789473683	0.002078947368421054	38	3L	38.0	47819309	0.031123	0.028525	126.2	125.6	126.8	47.4	Infinite
AG1000G-GN-B.Koraboh.2012.gambiae	AG1000G-GN-B	Guinea	2012	Koraboh	gambiae	9.279999999999992	-10.02999999999999	0.030526315789473683	0.002078947368421054	38	3R	38.0	47868216	0.030699	0.028525	151.2	150.4	152.1	57.9	Infinite
AG1000G-GN-B.Koraboh.2012.gambiae	AG1000G-GN-B	Guinea	2012	Koraboh	gambiae	9.279999999999992	-10.02999999999999	0.030526315789473683	0.002078947368421054	38	X	38.0	46652966	0.031915	0.028525	96.2	95.8	96.6	45.9	946.3
AG1000G-GN-B.Koundara.2012.gambiae	AG1000G-GN-B	Guinea	2012	Koundara	gambiae	8.480000000000002	-9.529999999999989	0.02646666666666667	0.00208888888888889	45	2L	45.0	43978130	0.031223	0.023798	42.7	42.6	42.8	26.3	83.4
AG1000G-GN-B.Koundara.2012.gambiae	AG1000G-GN-B	Guinea	2012	Koundara	gambiae	8.480000000000002	-9.529999999999989	0.02646666666666667	0.00208888888888889	45	2R	45.0	45835519	0.028641	0.023798	66.7	66.5	66.8	35.5	214.4
AG1000G-GN-B.Koundara.2012.gambiae	AG1000G-GN-B	Guinea	2012	Koundara	gambiae	8.480000000000002	-9.529999999999989	0.02646666666666667	0.00208888888888889	45	3L	45.0	46885084	0.027638	0.023798	84.7	84.4	84.9	47.4	245.6
AG1000G-GN-B.Koundara.2012.gambiae	AG1000G-GN-B	Guinea	2012	Koundara	gambiae	8.480000000000002	-9.529999999999989	0.02646666666666667	0.00208888888888889	45	3R	45.0	46797973	0.027459	0.023798	88.9	88.6	89.2	47.5	314.2
AG1000G-GN-B.Koundara.2012.gambiae	AG1000G-GN-B	Guinea	2012	Koundara	gambiae	8.480000000000002	-9.529999999999989	0.02646666666666667	0.00208888888888889	45	X	45.0	44996837	0.028844	0.023798	63.9	63.8	64.1	37.8	147.1
AG1000G-GN-B.Takan.2012.coluzzii	AG1000G-GN-B	Mali	2012	Takan	coluzzii	11.470000000000002	-8.330000000000005	0.9738461538461537	0.0020384615384615398	26	2L	26.0	47078956	0.046222	0.043253	102.0	101.4	102.7	37.2	Infinite
AG1000G-GN-B.Takan.2012.coluzzii	AG1000G-GN-B	Mali	2012	Takan	coluzzii	11.470000000000002	-8.330000000000005	0.9738461538461537	0.0020384615384615398	26	2R	26.0	47536125	0.045019	0.043253	172.7	170.9	174.5	68.5	Infinite
AG1000G-GN-B.Takan.2012.coluzzii	AG1000G-GN-B	Mali	2012	Takan	coluzzii	11.470000000000002	-8.330000000000005	0.9738461538461537	0.0020384615384615398	26	3L	26.0	48388203	0.043948	0.043253	441.5	430.6	453.0	154.9	Infinite
AG1000G-GN-B.Takan.2012.coluzzii	AG1000G-GN-B	Mali	2012	Takan	coluzzii	11.470000000000002	-8.330000000000005	0.9738461538461537	0.0020384615384615398	26	3R	26.0	48113143	0.046238	0.043253	101.4	100.8	102.1	36.0	Infinite
AG1000G-GN-B.Takan.2012.coluzzii	AG1000G-GN-B	Mali	2012	Takan	coluzzii	11.470000000000002	-8.330000000000005	0.9738461538461537	0.0020384615384615398	26	X	26.0	47185755	0.047624	0.043253	68.7	68.4	69.0	26.0	Infinite
AG1000G-GN-B.ToumaniOulena.2012.gambiae	AG1000G-GN-B	Mali	2012	ToumaniOulena	gambiae	10.830000000000005	-7.810000000000001	0.023616666666666668	0.002066666666666668	60	2L	60.0	44335233	0.025396	0.017553	40.3	40.3	40.4	24.9	74.8
AG1000G-GN-B.ToumaniOulena.2012.gambiae	AG1000G-GN-B	Mali	2012	ToumaniOulena	gambiae	10.830000000000005	-7.810000000000001	0.023616666666666668	0.002066666666666668	60	2R	60.0	45739824	0.023734	0.017553	51.8	51.7	51.9	31.3	104.1
AG1000G-GN-B.ToumaniOulena.2012.gambiae	AG1000G-GN-B	Mali	2012	ToumaniOulena	gambiae	10.830000000000005	-7.810000000000001	0.023616666666666668	0.002066666666666668	60	3L	60.0	45988840	0.026808	0.017553	33.8	33.8	33.9	21.2	59.6
AG1000G-GN-B.ToumaniOulena.2012.gambiae	AG1000G-GN-B	Mali	2012	ToumaniOulena	gambiae	10.830000000000005	-7.810000000000001	0.023616666666666668	0.002066666666666668	60	3R	60.0	45739826	0.026446	0.017553	35.3	35.2	35.3	21.8	64.1
AG1000G-GN-B.ToumaniOulena.2012.gambiae	AG1000G-GN-B	Mali	2012	ToumaniOulena	gambiae	10.830000000000005	-7.810000000000001	0.023616666666666668	0.002066666666666668	60	X	60.0	43772040	0.027536	0.017553	31.2	31.1	31.2	19.2	55.9
AG1000G-GQ.Bioko.2002.gambiae	AG1000G-GQ	Equatorial Guinea	2002	Bioko	gambiae	3.7	8.700000000000001	0.03980000000000001	0.0020000000000000005	10	2L	10.0	50014999	0.133005	0.136900	Infinite	Infinite	Infinite	Infinite	Infinite
AG1000G-GQ.Bioko.2002.gambiae	AG1000G-GQ	Equatorial Guinea	2002	Bioko	gambiae	3.7	8.700000000000001	0.03980000000000001	0.0020000000000000005	10	2R	10.0	49995000	0.132650	0.136900	Infinite	Infinite	Infinite	Infinite	Infinite
AG1000G-GQ.Bioko.2002.gambiae	AG1000G-GQ	Equatorial Guinea	2002	Bioko	gambiae	3.7	8.700000000000001	0.03980000000000001	0.0020000000000000005	10	3L	10.0	50004999	0.132016	0.136900	Infinite	Infinite	Infinite	Infinite	Infinite
AG1000G-GQ.Bioko.2002.gambiae	AG1000G-GQ	Equatorial Guinea	2002	Bioko	gambiae	3.7	8.700000000000001	0.03980000000000001	0.0020000000000000005	10	3R	10.0	50004999	0.130993	0.136900	Infinite	Infinite	Infinite	Infinite	Infinite
AG1000G-GQ.Bioko.2002.gambiae	AG1000G-GQ	Equatorial Guinea	2002	Bioko	gambiae	3.7	8.700000000000001	0.03980000000000001	0.0020000000000000005	10	X	10.0	8191128	0.121698	0.136900	Infinite	Infinite	Infinite	Infinite	Infinite
AG1000G-GW.Antula.2010.gambiae	AG1000G-GW	Guinea-Bissau	2010	Antula	gambiae	11.890999999999995	-15.581999999999995	0.10166666666666667	0.005533333333333334	15	2L	15.0	49138741	0.081178	0.082000	Infinite	Infinite	Infinite	Infinite	Infinite
AG1000G-GW.Antula.2010.gambiae	AG1000G-GW	Guinea-Bissau	2010	Antula	gambiae	11.890999999999995	-15.581999999999995	0.10166666666666667	0.005533333333333334	15	2R	15.0	48496476	0.081157	0.082000	Infinite	Infinite	Infinite	Infinite	Infinite
AG1000G-GW.Antula.2010.gambiae	AG1000G-GW	Guinea-Bissau	2010	Antula	gambiae	11.890999999999995	-15.581999999999995	0.10166666666666667	0.005533333333333334	15	3L	15.0	48881328	0.080779	0.082000	Infinite	Infinite	Infinite	Infinite	Infinite
AG1000G-GW.Antula.2010.gambiae	AG1000G-GW	Guinea-Bissau	2010	Antula	gambiae	11.890999999999995	-15.581999999999995	0.10166666666666667	0.005533333333333334	15	3R	15.0	49009948	0.080338	0.082000	Infinite	Infinite	Infinite	Infinite	Infinite
AG1000G-GW.Antula.2010.gambiae	AG1000G-GW	Guinea-Bissau	2010	Antula	gambiae	11.890999999999995	-15.581999999999995	0.10166666666666667	0.005533333333333334	15	X	15.0	49039656	0.079239	0.082000	Infinite	Infinite	Infinite	Infinite	Infinite
AG1000G-GW.Antula.2010.intermediate	AG1000G-GW	Guinea-Bissau	2010	Antula	intermediate	11.891000000000005	-15.581999999999995	0.2855777777777777	0.006022222222222225	45	2L	45.0	45816376	0.025041	0.023798	266.1	263.9	268.3	176.0	520.7
AG1000G-GW.Antula.2010.intermediate	AG1000G-GW	Guinea-Bissau	2010	Antula	intermediate	11.891000000000005	-15.581999999999995	0.2855777777777777	0.006022222222222225	45	2R	45.0	44372909	0.023892	0.023798	3522.4	3187.0	3936.2	1643.6	Infinite
AG1000G-GW.Antula.2010.intermediate	AG1000G-GW	Guinea-Bissau	2010	Antula	intermediate	11.891000000000005	-15.581999999999995	0.2855777777777777	0.006022222222222225	45	3L	45.0	47117778	0.023813	0.023798	21164.8	13138.2	54326.1	1953.6	Infinite
AG1000G-GW.Antula.2010.intermediate	AG1000G-GW	Guinea-Bissau	2010	Antula	intermediate	11.891000000000005	-15.581999999999995	0.2855777777777777	0.006022222222222225	45	3R	45.0	46991663	0.023758	0.023798	Infinite	Infinite	Infinite	Infinite	Infinite
AG1000G-GW.Antula.2010.intermediate	AG1000G-GW	Guinea-Bissau	2010	Antula	intermediate	11.891000000000005	-15.581999999999995	0.2855777777777777	0.006022222222222225	45	X	45.0	46759283	0.023702	0.023798	Infinite	Infinite	Infinite	Infinite	Infinite
AG1000G-GW.Safim.2010.intermediate	AG1000G-GW	Guinea-Bissau	2010	Safim	intermediate	11.956999999999995	-15.649000000000001	0.1881111111111111	0.0060370370370370395	27	2L	27.0	47838870	0.042306	0.041483	372.4	364.9	380.3	222.3	1089.7
AG1000G-GW.Safim.2010.intermediate	AG1000G-GW	Guinea-Bissau	2010	Safim	intermediate	11.956999999999995	-15.649000000000001	0.1881111111111111	0.0060370370370370395	27	2R	27.0	46517834	0.041536	0.041483	5776.5	4386.3	8453.8	2870.4	Infinite
AG1000G-GW.Safim.2010.intermediate	AG1000G-GW	Guinea-Bissau	2010	Safim	intermediate	11.956999999999995	-15.649000000000001	0.1881111111111111	0.0060370370370370395	27	3L	27.0	47985706	0.041344	0.041483	Infinite	Infinite	Infinite	Infinite	Infinite
AG1000G-GW.Safim.2010.intermediate	AG1000G-GW	Guinea-Bissau	2010	Safim	intermediate	11.956999999999995	-15.649000000000001	0.1881111111111111	0.0060370370370370395	27	3R	27.0	48132765	0.041295	0.041483	Infinite	Infinite	Infinite	Infinite	Infinite
AG1000G-GW.Safim.2010.intermediate	AG1000G-GW	Guinea-Bissau	2010	Safim	intermediate	11.956999999999995	-15.649000000000001	0.1881111111111111	0.0060370370370370395	27	X	27.0	47985706	0.040813	0.041483	Infinite	Infinite	Infinite	Infinite	Infinite
AG1000G-KE.Kilifi.2000.gambiae	AG1000G-KE	Kenya	2000	Kilifi	gambiae	-3.511000000000001	39.909	0.03815789473684211	0.002315789473684211	19	2L	19.0	47848649	0.065060	0.061836	93.8	93.0	94.6	59.9	200.4
AG1000G-KE.Kilifi.2000.gambiae	AG1000G-KE	Kenya	2000	Kilifi	gambiae	-3.511000000000001	39.909	0.03815789473684211	0.002315789473684211	19	2R	19.0	48093528	0.061596	0.061836	Infinite	Infinite	Infinite	Infinite	Infinite
AG1000G-KE.Kilifi.2000.gambiae	AG1000G-KE	Kenya	2000	Kilifi	gambiae	-3.511000000000001	39.909	0.03815789473684211	0.002315789473684211	19	3L	19.0	48093526	0.061647	0.061836	Infinite	Infinite	Infinite	Infinite	Infinite
AG1000G-KE.Kilifi.2000.gambiae	AG1000G-KE	Kenya	2000	Kilifi	gambiae	-3.511000000000001	39.909	0.03815789473684211	0.002315789473684211	19	3R	19.0	48270225	0.061282	0.061836	Infinite	Infinite	Infinite	Infinite	Infinite
AG1000G-KE.Kilifi.2000.gambiae	AG1000G-KE	Kenya	2000	Kilifi	gambiae	-3.511000000000001	39.909	0.03815789473684211	0.002315789473684211	19	X	19.0	14292530	0.059588	0.061836	Infinite	Infinite	Infinite	Infinite	Infinite
AG1000G-KE.Kilifi.2012.arabiensis	AG1000G-KE	Kenya	2012	Kilifi	arabiensis	-3.511	39.909	0.45519999999999994	0.7423	10	2L	10.0	50045005	0.122995	0.136900	Infinite	Infinite	Infinite	Infinite	Infinite
AG1000G-KE.Kilifi.2012.arabiensis	AG1000G-KE	Kenya	2012	Kilifi	arabiensis	-3.511	39.909	0.45519999999999994	0.7423	10	2R	10.0	50025000	0.125041	0.136900	Infinite	Infinite	Infinite	Infinite	Infinite
AG1000G-KE.Kilifi.2012.arabiensis	AG1000G-KE	Kenya	2012	Kilifi	arabiensis	-3.511	39.909	0.45519999999999994	0.7423	10	3L	10.0	50025000	0.120150	0.136900	Infinite	Infinite	Infinite	Infinite	Infinite
AG1000G-KE.Kilifi.2012.arabiensis	AG1000G-KE	Kenya	2012	Kilifi	arabiensis	-3.511	39.909	0.45519999999999994	0.7423	10	3R	10.0	50014999	0.116373	0.136900	Infinite	Infinite	Infinite	Infinite	Infinite
AG1000G-KE.Kilifi.2012.arabiensis	AG1000G-KE	Kenya	2012	Kilifi	arabiensis	-3.511	39.909	0.45519999999999994	0.7423	10	X	10.0	7233305	0.069114	0.136900	Infinite	Infinite	Infinite	Infinite	Infinite
AG1000G-KE.Kilifi.2012.gambiae	AG1000G-KE	Kenya	2012	Kilifi	gambiae	-3.5109999999999997	39.909	0.09799999999999999	0.0035555555555555557	9	2L	9.0	10720764	0.183867	0.157393	9.6	9.5	9.7	3.2	36.2
AG1000G-KE.Kilifi.2012.gambiae	AG1000G-KE	Kenya	2012	Kilifi	gambiae	-3.5109999999999997	39.909	0.09799999999999999	0.0035555555555555557	9	2R	9.0	16770732	0.159439	0.157393	148.8	141.2	157.1	17.3	Infinite
AG1000G-KE.Kilifi.2012.gambiae	AG1000G-KE	Kenya	2012	Kilifi	gambiae	-3.5109999999999997	39.909	0.09799999999999999	0.0035555555555555557	9	3L	9.0	8675691	0.156461	0.157393	Infinite	Infinite	Infinite	26.6	Infinite
AG1000G-KE.Kilifi.2012.gambiae	AG1000G-KE	Kenya	2012	Kilifi	gambiae	-3.5109999999999997	39.909	0.09799999999999999	0.0035555555555555557	9	3R	9.0	16470928	0.149664	0.157393	Infinite	Infinite	Infinite	325.7	Infinite
AG1000G-KE.Kilifi.2012.gambiae	AG1000G-KE	Kenya	2012	Kilifi	gambiae	-3.5109999999999997	39.909	0.09799999999999999	0.0035555555555555557	9	X	9.0	1007490	0.097614	0.157393	Infinite	Infinite	Infinite	Infinite	Infinite
AG1000G-KE.Kilifi.2012.intermediate	AG1000G-KE	Kenya	2012	Kilifi	intermediate	-3.5109999999999983	39.90900000000004	0.2150666666666667	0.003866666666666669	45	2L	45.0	3971967	0.101872	0.023798	2.1	2.1	2.1	1.5	3.0
AG1000G-KE.Kilifi.2012.intermediate	AG1000G-KE	Kenya	2012	Kilifi	intermediate	-3.5109999999999983	39.90900000000004	0.2150666666666667	0.003866666666666669	45	2R	45.0	7367024	0.055320	0.023798	7.8	7.7	7.8	5.4	10.3
AG1000G-KE.Kilifi.2012.intermediate	AG1000G-KE	Kenya	2012	Kilifi	intermediate	-3.5109999999999983	39.90900000000004	0.2150666666666667	0.003866666666666669	45	3L	45.0	4456596	0.074478	0.023798	3.3	3.3	3.3	2.7	4.0
AG1000G-KE.Kilifi.2012.intermediate	AG1000G-KE	Kenya	2012	Kilifi	intermediate	-3.5109999999999983	39.90900000000004	0.2150666666666667	0.003866666666666669	45	3R	45.0	8443975	0.059207	0.023798	6.3	6.3	6.4	4.1	8.0
AG1000G-KE.Kilifi.2012.intermediate	AG1000G-KE	Kenya	2012	Kilifi	intermediate	-3.5109999999999983	39.90900000000004	0.2150666666666667	0.003866666666666669	45	X	45.0	414502	0.035498	0.023798	26.2	25.9	26.6	20.5	34.4
AG1000G-ML-A.Kababougou.2014.coluzzii	AG1000G-ML-A	Mali	2014	Kababougou	coluzzii	12.89	-8.150000000000002	0.98075	0.0020000000000000005	12	2L	12.0	45787665	0.105856	0.108217	Infinite	Infinite	Infinite	Infinite	Infinite
AG1000G-ML-A.Kababougou.2014.coluzzii	AG1000G-ML-A	Mali	2014	Kababougou	coluzzii	12.89	-8.150000000000002	0.98075	0.0020000000000000005	12	2R	12.0	48457089	0.105909	0.108217	Infinite	Infinite	Infinite	Infinite	Infinite
AG1000G-ML-A.Kababougou.2014.coluzzii	AG1000G-ML-A	Mali	2014	Kababougou	coluzzii	12.89	-8.150000000000002	0.98075	0.0020000000000000005	12	3L	12.0	48565440	0.105223	0.108217	Infinite	Infinite	Infinite	Infinite	Infinite
AG1000G-ML-A.Kababougou.2014.coluzzii	AG1000G-ML-A	Mali	2014	Kababougou	coluzzii	12.89	-8.150000000000002	0.98075	0.0020000000000000005	12	3R	12.0	48516175	0.105395	0.108217	Infinite	Infinite	Infinite	Infinite	Infinite
AG1000G-ML-A.Kababougou.2014.coluzzii	AG1000G-ML-A	Mali	2014	Kababougou	coluzzii	12.89	-8.150000000000002	0.98075	0.0020000000000000005	12	X	12.0	48644316	0.103438	0.108217	Infinite	Infinite	Infinite	Infinite	Infinite
AG1000G-ML-A.Kababougou.2014.gambiae	AG1000G-ML-A	Mali	2014	Kababougou	gambiae	12.889999999999992	-8.150000000000004	0.02814285714285716	0.0020000000000000013	28	2L	28.0	46643309	0.040329	0.039856	650.2	628.4	673.6	418.5	1434.6
AG1000G-ML-A.Kababougou.2014.gambiae	AG1000G-ML-A	Mali	2014	Kababougou	gambiae	12.889999999999992	-8.150000000000004	0.02814285714285716	0.0020000000000000013	28	2R	28.0	47166328	0.039882	0.039856	11927.6	7345.5	31663.6	1376.6	Infinite
AG1000G-ML-A.Kababougou.2014.gambiae	AG1000G-ML-A	Mali	2014	Kababougou	gambiae	12.889999999999992	-8.150000000000004	0.02814285714285716	0.0020000000000000013	28	3L	28.0	47946528	0.039643	0.039856	Infinite	Infinite	Infinite	Infinite	Infinite
AG1000G-ML-A.Kababougou.2014.gambiae	AG1000G-ML-A	Mali	2014	Kababougou	gambiae	12.889999999999992	-8.150000000000004	0.02814285714285716	0.0020000000000000013	28	3R	28.0	48093527	0.039690	0.039856	Infinite	Infinite	Infinite	Infinite	Infinite
AG1000G-ML-A.Kababougou.2014.gambiae	AG1000G-ML-A	Mali	2014	Kababougou	gambiae	12.889999999999992	-8.150000000000004	0.02814285714285716	0.0020000000000000013	28	X	28.0	47020747	0.039704	0.039856	Infinite	Infinite	Infinite	16968.4	Infinite
AG1000G-ML-A.Ouassorola.2014.coluzzii	AG1000G-ML-A	Mali	2014	Ouassorola	coluzzii	12.900000000000002	-8.159999999999998	0.9733333333333333	0.002	9	2L	9.0	50025000	0.146630	0.157393	Infinite	Infinite	Infinite	Infinite	Infinite
AG1000G-ML-A.Ouassorola.2014.coluzzii	AG1000G-ML-A	Mali	2014	Ouassorola	coluzzii	12.900000000000002	-8.159999999999998	0.9733333333333333	0.002	9	2R	9.0	50025000	0.148080	0.157393	Infinite	Infinite	Infinite	Infinite	Infinite
AG1000G-ML-A.Ouassorola.2014.coluzzii	AG1000G-ML-A	Mali	2014	Ouassorola	coluzzii	12.900000000000002	-8.159999999999998	0.9733333333333333	0.002	9	3L	9.0	50014999	0.147008	0.157393	Infinite	Infinite	Infinite	Infinite	Infinite
AG1000G-ML-A.Ouassorola.2014.coluzzii	AG1000G-ML-A	Mali	2014	Ouassorola	coluzzii	12.900000000000002	-8.159999999999998	0.9733333333333333	0.002	9	3R	9.0	50004999	0.145900	0.157393	Infinite	Infinite	Infinite	Infinite	Infinite
AG1000G-ML-A.Ouassorola.2014.coluzzii	AG1000G-ML-A	Mali	2014	Ouassorola	coluzzii	12.900000000000002	-8.159999999999998	0.9733333333333333	0.002	9	X	9.0	28023841	0.141285	0.157393	Infinite	Infinite	Infinite	Infinite	Infinite
AG1000G-ML-B.Bancoumana.2004.gambiae	AG1000G-ML-B	Mali	2004	Bancoumana	gambiae	12.200000000000001	-8.200000000000001	0.048999999999999995	0.002	9	2L	9.0	50014999	0.146320	0.157393	Infinite	Infinite	Infinite	Infinite	Infinite
AG1000G-ML-B.Bancoumana.2004.gambiae	AG1000G-ML-B	Mali	2004	Bancoumana	gambiae	12.200000000000001	-8.200000000000001	0.048999999999999995	0.002	9	2R	9.0	50004999	0.146431	0.157393	Infinite	Infinite	Infinite	Infinite	Infinite
AG1000G-ML-B.Bancoumana.2004.gambiae	AG1000G-ML-B	Mali	2004	Bancoumana	gambiae	12.200000000000001	-8.200000000000001	0.048999999999999995	0.002	9	3L	9.0	49995000	0.147274	0.157393	Infinite	Infinite	Infinite	Infinite	Infinite
AG1000G-ML-B.Bancoumana.2004.gambiae	AG1000G-ML-B	Mali	2004	Bancoumana	gambiae	12.200000000000001	-8.200000000000001	0.048999999999999995	0.002	9	3R	9.0	50004999	0.145595	0.157393	Infinite	Infinite	Infinite	Infinite	Infinite
AG1000G-ML-B.Bancoumana.2004.gambiae	AG1000G-ML-B	Mali	2004	Bancoumana	gambiae	12.200000000000001	-8.200000000000001	0.048999999999999995	0.002	9	X	9.0	35091252	0.139734	0.157393	Infinite	Infinite	Infinite	Infinite	Infinite
AG1000G-ML-B.Douna.2004.coluzzii	AG1000G-ML-B	Mali	2004	Douna	coluzzii	13.210000000000006	-5.900000000000002	0.9815263157894739	0.0020526315789473693	19	2L	19.0	47711795	0.061477	0.061836	Infinite	Infinite	Infinite	Infinite	Infinite
AG1000G-ML-B.Douna.2004.coluzzii	AG1000G-ML-B	Mali	2004	Douna	coluzzii	13.210000000000006	-5.900000000000002	0.9815263157894739	0.0020526315789473693	19	2R	19.0	49148655	0.061509	0.061836	Infinite	Infinite	Infinite	Infinite	Infinite
AG1000G-ML-B.Douna.2004.coluzzii	AG1000G-ML-B	Mali	2004	Douna	coluzzii	13.210000000000006	-5.900000000000002	0.9815263157894739	0.0020526315789473693	19	3L	19.0	49466431	0.061416	0.061836	Infinite	Infinite	Infinite	Infinite	Infinite
AG1000G-ML-B.Douna.2004.coluzzii	AG1000G-ML-B	Mali	2004	Douna	coluzzii	13.210000000000006	-5.900000000000002	0.9815263157894739	0.0020526315789473693	19	3R	19.0	49307415	0.061316	0.061836	Infinite	Infinite	Infinite	Infinite	Infinite
AG1000G-ML-B.Douna.2004.coluzzii	AG1000G-ML-B	Mali	2004	Douna	coluzzii	13.210000000000006	-5.900000000000002	0.9815263157894739	0.0020526315789473693	19	X	19.0	49426653	0.061193	0.061836	Infinite	Infinite	Infinite	Infinite	Infinite
AG1000G-ML-B.Kela.2004.gambiae	AG1000G-ML-B	Mali	2004	Kela	gambiae	11.879999999999997	-8.449999999999998	0.045000000000000005	0.0020000000000000013	23	2L	23.0	42342998	0.049538	0.049628	Infinite	Infinite	Infinite	Infinite	Infinite
AG1000G-ML-B.Kela.2004.gambiae	AG1000G-ML-B	Mali	2004	Kela	gambiae	11.879999999999997	-8.449999999999998	0.045000000000000005	0.0020000000000000013	23	2R	23.0	45386626	0.049628	0.049628	Infinite	15334.6	Infinite	5024.3	Infinite
AG1000G-ML-B.Kela.2004.gambiae	AG1000G-ML-B	Mali	2004	Kela	gambiae	11.879999999999997	-8.449999999999998	0.045000000000000005	0.0020000000000000013	23	3L	23.0	46604684	0.049496	0.049628	Infinite	Infinite	Infinite	Infinite	Infinite
AG1000G-ML-B.Kela.2004.gambiae	AG1000G-ML-B	Mali	2004	Kela	gambiae	11.879999999999997	-8.449999999999998	0.045000000000000005	0.0020000000000000013	23	3R	23.0	47001357	0.049443	0.049628	Infinite	Infinite	Infinite	Infinite	Infinite
AG1000G-ML-B.Kela.2004.gambiae	AG1000G-ML-B	Mali	2004	Kela	gambiae	11.879999999999997	-8.449999999999998	0.045000000000000005	0.0020000000000000013	23	X	23.0	46440702	0.048416	0.049628	Infinite	Infinite	Infinite	Infinite	Infinite
AG1000G-MW.Chikhwawa.2015.arabiensis	AG1000G-MW	Malawi	2015	Chikhwawa	arabiensis	-15.932999999999996	34.75500000000003	0.45529268292682923	0.7450975609756099	41	2L	41.0	39139113	0.025702	0.026288	Infinite	Infinite	Infinite	Infinite	Infinite
AG1000G-MW.Chikhwawa.2015.arabiensis	AG1000G-MW	Malawi	2015	Chikhwawa	arabiensis	-15.932999999999996	34.75500000000003	0.45529268292682923	0.7450975609756099	41	2R	41.0	41555274	0.026267	0.026288	Infinite	Infinite	Infinite	1285.0	Infinite
AG1000G-MW.Chikhwawa.2015.arabiensis	AG1000G-MW	Malawi	2015	Chikhwawa	arabiensis	-15.932999999999996	34.75500000000003	0.45529268292682923	0.7450975609756099	41	3L	41.0	42168325	0.025571	0.026288	Infinite	Infinite	Infinite	Infinite	Infinite
AG1000G-MW.Chikhwawa.2015.arabiensis	AG1000G-MW	Malawi	2015	Chikhwawa	arabiensis	-15.932999999999996	34.75500000000003	0.45529268292682923	0.7450975609756099	41	3R	41.0	41336760	0.025509	0.026288	Infinite	Infinite	Infinite	Infinite	Infinite
AG1000G-MW.Chikhwawa.2015.arabiensis	AG1000G-MW	Malawi	2015	Chikhwawa	arabiensis	-15.932999999999996	34.75500000000003	0.45529268292682923	0.7450975609756099	41	X	41.0	40603557	0.021818	0.026288	Infinite	Infinite	Infinite	Infinite	Infinite
AG1000G-MZ.Furvela.2004.gambiae	AG1000G-MZ	Mozambique	2004	Furvela	gambiae	-23.715999999999962	35.298999999999985	0.041225352112676035	0.0022957746478873254	71	2L	71.0	37918969	0.022204	0.014717	42.3	42.3	42.4	32.5	56.9
AG1000G-MZ.Furvela.2004.gambiae	AG1000G-MZ	Mozambique	2004	Furvela	gambiae	-23.715999999999962	35.298999999999985	0.041225352112676035	0.0022957746478873254	71	2R	71.0	39538268	0.014903	0.014717	1791.0	1729.8	1856.7	1472.7	2282.1
AG1000G-MZ.Furvela.2004.gambiae	AG1000G-MZ	Mozambique	2004	Furvela	gambiae	-23.715999999999962	35.298999999999985	0.041225352112676035	0.0022957746478873254	71	3L	71.0	39263078	0.014962	0.014717	1363.0	1327.0	1401.0	1050.7	1933.0
AG1000G-MZ.Furvela.2004.gambiae	AG1000G-MZ	Mozambique	2004	Furvela	gambiae	-23.715999999999962	35.298999999999985	0.041225352112676035	0.0022957746478873254	71	3R	71.0	39609439	0.014911	0.014717	1718.5	1662.0	1778.8	1287.3	2574.5
AG1000G-MZ.Furvela.2004.gambiae	AG1000G-MZ	Mozambique	2004	Furvela	gambiae	-23.715999999999962	35.298999999999985	0.041225352112676035	0.0022957746478873254	71	X	71.0	21291073	0.014110	0.014717	Infinite	Infinite	Infinite	Infinite	Infinite
AG1000G-TZ.Moshi.2012.arabiensis	AG1000G-TZ	Tanzania	2012	Moshi	arabiensis	-3.482	37.308	0.45767500000000005	0.7502500000000001	40	2L	40.0	40351607	0.026359	0.026994	Infinite	Infinite	Infinite	Infinite	Infinite
AG1000G-TZ.Moshi.2012.arabiensis	AG1000G-TZ	Tanzania	2012	Moshi	arabiensis	-3.482	37.308	0.45767500000000005	0.7502500000000001	40	2R	40.0	41673861	0.026708	0.026994	Infinite	Infinite	Infinite	Infinite	Infinite
AG1000G-TZ.Moshi.2012.arabiensis	AG1000G-TZ	Tanzania	2012	Moshi	arabiensis	-3.482	37.308	0.45767500000000005	0.7502500000000001	40	3L	40.0	42869159	0.026325	0.026994	Infinite	Infinite	Infinite	Infinite	Infinite
AG1000G-TZ.Moshi.2012.arabiensis	AG1000G-TZ	Tanzania	2012	Moshi	arabiensis	-3.482	37.308	0.45767500000000005	0.7502500000000001	40	3R	40.0	41637356	0.026401	0.026994	Infinite	Infinite	Infinite	Infinite	Infinite
AG1000G-TZ.Moshi.2012.arabiensis	AG1000G-TZ	Tanzania	2012	Moshi	arabiensis	-3.482	37.308	0.45767500000000005	0.7502500000000001	40	X	40.0	42647223	0.022519	0.026994	Infinite	Infinite	Infinite	Infinite	Infinite
AG1000G-TZ.Muheza.2013.gambiae	AG1000G-TZ	Tanzania	2013	Muheza	gambiae	-4.939999999999999	38.948000000000015	0.04563888888888889	0.004166666666666669	36	2L	36.0	42536470	0.038236	0.030239	39.5	39.4	39.6	24.0	80.4
AG1000G-TZ.Muheza.2013.gambiae	AG1000G-TZ	Tanzania	2013	Muheza	gambiae	-4.939999999999999	38.948000000000015	0.04563888888888889	0.004166666666666669	36	2R	36.0	44156497	0.033588	0.030239	97.4	97.0	97.9	42.8	Infinite
AG1000G-TZ.Muheza.2013.gambiae	AG1000G-TZ	Tanzania	2013	Muheza	gambiae	-4.939999999999999	38.948000000000015	0.04563888888888889	0.004166666666666669	36	3L	36.0	45720700	0.033081	0.030239	115.2	114.6	115.8	50.4	Infinite
AG1000G-TZ.Muheza.2013.gambiae	AG1000G-TZ	Tanzania	2013	Muheza	gambiae	-4.939999999999999	38.948000000000015	0.04563888888888889	0.004166666666666669	36	3R	36.0	44816772	0.032607	0.030239	138.7	137.9	139.5	59.1	Infinite
AG1000G-TZ.Muheza.2013.gambiae	AG1000G-TZ	Tanzania	2013	Muheza	gambiae	-4.939999999999999	38.948000000000015	0.04563888888888889	0.004166666666666669	36	X	36.0	30322575	0.033577	0.030239	97.7	97.2	98.2	32.6	Infinite
AG1000G-TZ.Muleba.2015.arabiensis	AG1000G-TZ	Tanzania	2015	Muleba	arabiensis	-1.9619999999999957	31.650999999999925	0.45589781021897857	0.7450000000000004	137	2L	137.0	36410282	0.007443	0.007469	Infinite	Infinite	Infinite	Infinite	Infinite
AG1000G-TZ.Muleba.2015.arabiensis	AG1000G-TZ	Tanzania	2015	Muleba	arabiensis	-1.9619999999999957	31.650999999999925	0.45589781021897857	0.7450000000000004	137	2R	137.0	39068355	0.007525	0.007469	5932.2	5599.3	6306.9	3650.2	15633.5
AG1000G-TZ.Muleba.2015.arabiensis	AG1000G-TZ	Tanzania	2015	Muleba	arabiensis	-1.9619999999999957	31.650999999999925	0.45589781021897857	0.7450000000000004	137	3L	137.0	40037808	0.007446	0.007469	Infinite	Infinite	Infinite	26702.9	Infinite
AG1000G-TZ.Muleba.2015.arabiensis	AG1000G-TZ	Tanzania	2015	Muleba	arabiensis	-1.9619999999999957	31.650999999999925	0.45589781021897857	0.7450000000000004	137	3R	137.0	38119514	0.009606	0.007469	153.9	153.6	154.2	117.7	213.1
AG1000G-TZ.Muleba.2015.arabiensis	AG1000G-TZ	Tanzania	2015	Muleba	arabiensis	-1.9619999999999957	31.650999999999925	0.45589781021897857	0.7450000000000004	137	X	137.0	35494508	0.006929	0.007469	Infinite	Infinite	Infinite	Infinite	Infinite
AG1000G-TZ.Muleba.2015.gambiae	AG1000G-TZ	Tanzania	2015	Muleba	gambiae	-1.9620000000000015	31.650999999999982	0.036250000000000004	0.007531250000000003	32	2L	32.0	44769450	0.036442	0.034365	158.4	157.3	159.6	94.9	420.7
AG1000G-TZ.Muleba.2015.gambiae	AG1000G-TZ	Tanzania	2015	Muleba	gambiae	-1.9620000000000015	31.650999999999982	0.036250000000000004	0.007531250000000003	32	2R	32.0	46633651	0.034393	0.034365	12088.3	8023.6	24479.0	4632.7	Infinite
AG1000G-TZ.Muleba.2015.gambiae	AG1000G-TZ	Tanzania	2015	Muleba	gambiae	-1.9620000000000015	31.650999999999982	0.036250000000000004	0.007531250000000003	32	3L	32.0	47020752	0.034356	0.034365	Infinite	77201.1	Infinite	19027.8	Infinite
AG1000G-TZ.Muleba.2015.gambiae	AG1000G-TZ	Tanzania	2015	Muleba	gambiae	-1.9620000000000015	31.650999999999982	0.036250000000000004	0.007531250000000003	32	3R	32.0	47098362	0.034196	0.034365	Infinite	Infinite	Infinite	Infinite	Infinite
AG1000G-TZ.Muleba.2015.gambiae	AG1000G-TZ	Tanzania	2015	Muleba	gambiae	-1.9620000000000015	31.650999999999982	0.036250000000000004	0.007531250000000003	32	X	32.0	44731611	0.034864	0.034365	665.7	646.9	685.6	343.5	7747.0
AG1000G-TZ.Tarime.2012.arabiensis	AG1000G-TZ	Tanzania	2012	Tarime	arabiensis	-1.430999999999999	34.19900000000002	0.45599999999999996	0.746	47	2L	47.0	40558510	0.022383	0.022721	Infinite	Infinite	Infinite	Infinite	Infinite
AG1000G-TZ.Tarime.2012.arabiensis	AG1000G-TZ	Tanzania	2012	Tarime	arabiensis	-1.430999999999999	34.19900000000002	0.45599999999999996	0.746	47	2R	47.0	42721131	0.022552	0.022721	Infinite	Infinite	Infinite	Infinite	Infinite
AG1000G-TZ.Tarime.2012.arabiensis	AG1000G-TZ	Tanzania	2012	Tarime	arabiensis	-1.430999999999999	34.19900000000002	0.45599999999999996	0.746	47	3L	47.0	42573367	0.022729	0.022721	40306.1	18588.9	Infinite	278.8	Infinite
AG1000G-TZ.Tarime.2012.arabiensis	AG1000G-TZ	Tanzania	2012	Tarime	arabiensis	-1.430999999999999	34.19900000000002	0.45599999999999996	0.746	47	3R	47.0	41619100	0.023957	0.022721	267.6	265.4	269.9	132.5	3931.3
AG1000G-TZ.Tarime.2012.arabiensis	AG1000G-TZ	Tanzania	2012	Tarime	arabiensis	-1.430999999999999	34.19900000000002	0.45599999999999996	0.746	47	X	47.0	41948210	0.020091	0.022721	Infinite	Infinite	Infinite	Infinite	Infinite
AG1000G-UG.Kihihi.2012.gambiae	AG1000G-UG	Uganda	2012	Kihihi	gambiae	-0.7509999999999996	29.70100000000002	0.028252631578947345	0.0024631578947368437	95	2L	95.0	42952539	0.013839	0.010880	110.6	110.3	110.8	84.2	153.8
AG1000G-UG.Kihihi.2012.gambiae	AG1000G-UG	Uganda	2012	Kihihi	gambiae	-0.7509999999999996	29.70100000000002	0.028252631578947345	0.0024631578947368437	95	2R	95.0	45224801	0.010965	0.010880	3888.6	3693.6	4105.3	3054.4	5342.6
AG1000G-UG.Kihihi.2012.gambiae	AG1000G-UG	Uganda	2012	Kihihi	gambiae	-0.7509999999999996	29.70100000000002	0.028252631578947345	0.0024631578947368437	95	3L	95.0	45396154	0.011029	0.010880	2228.9	2163.1	2298.7	1175.9	18265.4
AG1000G-UG.Kihihi.2012.gambiae	AG1000G-UG	Uganda	2012	Kihihi	gambiae	-0.7509999999999996	29.70100000000002	0.028252631578947345	0.0024631578947368437	95	3R	95.0	45921732	0.010985	0.010880	3153.4	3024.6	3293.5	2007.0	7267.0
AG1000G-UG.Kihihi.2012.gambiae	AG1000G-UG	Uganda	2012	Kihihi	gambiae	-0.7509999999999996	29.70100000000002	0.028252631578947345	0.0024631578947368437	95	X	95.0	44109528	0.011026	0.010880	2276.2	2206.8	2350.2	1238.7	12825.9
AG1000G-UG.Nagongera.2012.arabiensis	AG1000G-UG	Uganda	2012	Nagongera	arabiensis	0.7700000000000014	34.025999999999975	0.45585185185185184	0.7403703703703701	81	2L	81.0	37380962	0.012686	0.012832	Infinite	Infinite	Infinite	Infinite	Infinite
AG1000G-UG.Nagongera.2012.arabiensis	AG1000G-UG	Uganda	2012	Nagongera	arabiensis	0.7700000000000014	34.025999999999975	0.45585185185185184	0.7403703703703701	81	2R	81.0	39538264	0.012870	0.012832	8743.2	7609.7	10271.6	3716.4	Infinite
AG1000G-UG.Nagongera.2012.arabiensis	AG1000G-UG	Uganda	2012	Nagongera	arabiensis	0.7700000000000014	34.025999999999975	0.45585185185185184	0.7403703703703701	81	3L	81.0	40585535	0.012664	0.012832	Infinite	Infinite	Infinite	Infinite	Infinite
AG1000G-UG.Nagongera.2012.arabiensis	AG1000G-UG	Uganda	2012	Nagongera	arabiensis	0.7700000000000014	34.025999999999975	0.45585185185185184	0.7403703703703701	81	3R	81.0	39841173	0.013210	0.012832	880.1	866.8	893.8	381.1	Infinite
AG1000G-UG.Nagongera.2012.arabiensis	AG1000G-UG	Uganda	2012	Nagongera	arabiensis	0.7700000000000014	34.025999999999975	0.45585185185185184	0.7403703703703701	81	X	81.0	38329380	0.011577	0.012832	Infinite	Infinite	Infinite	Infinite	Infinite
AG1000G-UG.Nagongera.2012.gambiae	AG1000G-UG	Uganda	2012	Nagongera	gambiae	0.7700000000000001	34.02599999999994	0.02801785714285712	0.0023750000000000017	112	2L	112.0	42693417	0.012218	0.009183	107.7	107.5	107.9	81.5	150.6
AG1000G-UG.Nagongera.2012.gambiae	AG1000G-UG	Uganda	2012	Nagongera	gambiae	0.7700000000000001	34.02599999999994	0.02801785714285712	0.0023750000000000017	112	2R	112.0	44486027	0.009226	0.009183	7699.6	7072.7	8448.1	4389.7	30765.1
AG1000G-UG.Nagongera.2012.gambiae	AG1000G-UG	Uganda	2012	Nagongera	gambiae	0.7700000000000001	34.02599999999994	0.02801785714285712	0.0023750000000000017	112	3L	112.0	45319959	0.009189	0.009183	59041.9	35347.5	178865.5	25242.2	Infinite
AG1000G-UG.Nagongera.2012.gambiae	AG1000G-UG	Uganda	2012	Nagongera	gambiae	0.7700000000000001	34.02599999999994	0.02801785714285712	0.0023750000000000017	112	3R	112.0	44987351	0.009175	0.009183	Infinite	Infinite	Infinite	Infinite	Infinite
AG1000G-UG.Nagongera.2012.gambiae	AG1000G-UG	Uganda	2012	Nagongera	gambiae	0.7700000000000001	34.02599999999994	0.02801785714285712	0.0023750000000000017	112	X	112.0	44241119	0.009131	0.009183	Infinite	Infinite	Infinite	Infinite	Infinite
